L1,L2,L3,R1,R2,R3,R4
TGFB2,,,TGFBR1,TGFBR2,,
TGFB3,,,TGFBR1,TGFBR2,,
TGFB2,,,ACVR1B,TGFBR2,,
TGFB2,,,ACVR1C,TGFBR2,,
TGFB3,,,ACVR1B,TGFBR2,,
TGFB3,,,ACVR1C,TGFBR2,,
TGFB2,,,ACVR1,TGFBR1,,
TGFB3,,,ACVR1,TGFBR1,,
BMP2,,,BMPR1A,ACVR2A,,
BMP2,,,BMPR1A,ACVR2B,,
BMP2,,,BMPR1A,BMPR2,,
BMP2,,,BMPR1B,ACVR2A,,
BMP2,,,BMPR1B,ACVR2B,,
BMP2,,,BMPR1B,BMPR2,,
GDF5,,,BMPR1A,BMPR2,,
GDF5,,,BMPR1B,BMPR2,,
GDF6,,,BMPR1A,BMPR2,,
GDF6,,,BMPR1B,BMPR2,,
GDF7,,,BMPR1A,BMPR2,,
GDF7,,,BMPR1B,BMPR2,,
BMP15,,,BMPR1B,BMPR2,,
BMP5,,,ACVR1,BMPR2,,
BMP5,,,BMPR1A,BMPR2,,
BMP5,,,BMPR1B,BMPR2,,
BMP6,,,ACVR1,BMPR2,,
BMP6,,,BMPR1A,BMPR2,,
BMP6,,,BMPR1B,BMPR2,,
BMP7,,,ACVR1,ACVR2A,,
BMP7,,,ACVR1,ACVR2B,,
BMP7,,,ACVR1,BMPR2,,
BMP7,,,BMPR1A,ACVR2A,,
BMP7,,,BMPR1A,ACVR2B,,
BMP7,,,BMPR1A,BMPR2,,
BMP7,,,BMPR1B,ACVR2A,,
BMP7,,,BMPR1B,ACVR2B,,
BMP7,,,BMPR1B,BMPR2,,
BMP8A,,,ACVR1,BMPR2,,
BMP8A,,,BMPR1A,BMPR2,,
BMP8A,,,BMPR1B,BMPR2,,
BMP8B,,,ACVR1,BMPR2,,
BMP8B,,,BMPR1A,BMPR2,,
BMP8B,,,BMPR1B,BMPR2,,
BMP10,,,ACVRL1,BMPR2,,
GDF2,,,ACVRL1,BMPR2,,
GDF2,,,ACVRL1,ACVR2A,,
GDF9,,,ACVR1B,BMPR2,,
GDF10,,,ACVR1B,ACVR2A,,
GDF11,,,ACVR1B,ACVR2B,,
GDF15,,,TGFBR2,,,
MSTN,,,TGFBR1,ACVR2B,,
MSTN,,,ACVR1B,ACVR2B,,
MSTN,,,ACVR1B,ACVR2A,,
MSTN,,,TGFBR1,ACVR2A,,
GDF1,,,ACVR1B,ACVR2A,,
GDF1,,,ACVR1B,ACVR2B,,
GDF3,,,ACVR1B,ACVR2A,,
GDF3,,,ACVR1B,ACVR2B,,
INHBA,,,ACVR1B,ACVR2A,,
INHBA,,,ACVR1B,ACVR2B,,
INHBB,,,ACVR1B,ACVR2A,,
INHBB,,,ACVR1B,ACVR2B,,
INHBC,,,ACVR1B,ACVR2A,,
INHBC,,,ACVR1B,ACVR2B,,
INHBE,,,ACVR1B,ACVR2A,,
INHBE,,,ACVR1B,ACVR2B,,
INHBABB,,,ACVR1B,ACVR2A,,
INHBABB,,,ACVR1B,ACVR2B,,
WNT3,,,FZD1,LRP5,,
WNT3,,,FZD10,LRP5,,
WNT3,,,FZD2,LRP5,,
WNT3,,,FZD3,LRP5,,
WNT3,,,FZD4,LRP5,,
WNT3,,,FZD5,LRP5,,
WNT3,,,FZD6,LRP5,,
WNT3,,,FZD7,LRP5,,
WNT3,,,FZD8,LRP5,,
WNT3,,,FZD9,LRP5,,
WNT3A,,,FZD1,LRP5,,
WNT3A,,,FZD10,LRP5,,
WNT3A,,,FZD2,LRP5,,
WNT3A,,,FZD3,LRP5,,
WNT3A,,,FZD4,LRP5,,
WNT3A,,,FZD5,LRP5,,
WNT3A,,,FZD6,LRP5,,
WNT3A,,,FZD7,LRP5,,
WNT3A,,,FZD8,LRP5,,
WNT3A,,,FZD9,LRP5,,
WNT7A,,,FZD1,LRP5,,
WNT7A,,,FZD10,LRP5,,
WNT7A,,,FZD2,LRP5,,
WNT7A,,,FZD3,LRP5,,
WNT7A,,,FZD4,LRP5,,
WNT7A,,,FZD5,LRP5,,
WNT7A,,,FZD6,LRP5,,
WNT7A,,,FZD7,LRP5,,
WNT7A,,,FZD8,LRP5,,
WNT7A,,,FZD9,LRP5,,
WNT1,,,FZD1,LRP6,,
WNT1,,,FZD10,LRP6,,
WNT1,,,FZD2,LRP6,,
WNT1,,,FZD3,LRP6,,
WNT1,,,FZD4,LRP6,,
WNT1,,,FZD5,LRP6,,
WNT1,,,FZD6,LRP6,,
WNT1,,,FZD7,LRP6,,
WNT1,,,FZD8,LRP6,,
WNT1,,,FZD9,LRP6,,
WNT10A,,,FZD1,LRP6,,
WNT10A,,,FZD10,LRP6,,
WNT10A,,,FZD2,LRP6,,
WNT10A,,,FZD3,LRP6,,
WNT10A,,,FZD4,LRP6,,
WNT10A,,,FZD5,LRP6,,
WNT10A,,,FZD6,LRP6,,
WNT10A,,,FZD7,LRP6,,
WNT10A,,,FZD8,LRP6,,
WNT10A,,,FZD9,LRP6,,
WNT10B,,,FZD1,LRP6,,
WNT10B,,,FZD10,LRP6,,
WNT10B,,,FZD2,LRP6,,
WNT10B,,,FZD3,LRP6,,
WNT10B,,,FZD4,LRP6,,
WNT10B,,,FZD5,LRP6,,
WNT10B,,,FZD6,LRP6,,
WNT10B,,,FZD7,LRP6,,
WNT10B,,,FZD8,LRP6,,
WNT10B,,,FZD9,LRP6,,
WNT16,,,FZD1,LRP6,,
WNT16,,,FZD10,LRP6,,
WNT16,,,FZD2,LRP6,,
WNT16,,,FZD3,LRP6,,
WNT16,,,FZD4,LRP6,,
WNT16,,,FZD5,LRP6,,
WNT16,,,FZD6,LRP6,,
WNT16,,,FZD7,LRP6,,
WNT16,,,FZD8,LRP6,,
WNT16,,,FZD9,LRP6,,
WNT2,,,FZD1,LRP6,,
WNT2,,,FZD10,LRP6,,
WNT2,,,FZD2,LRP6,,
WNT2,,,FZD3,LRP6,,
WNT2,,,FZD4,LRP6,,
WNT2,,,FZD5,LRP6,,
WNT2,,,FZD6,LRP6,,
WNT2,,,FZD7,LRP6,,
WNT2,,,FZD8,LRP6,,
WNT2,,,FZD9,LRP6,,
WNT2B,,,FZD1,LRP6,,
WNT2B,,,FZD10,LRP6,,
WNT2B,,,FZD2,LRP6,,
WNT2B,,,FZD3,LRP6,,
WNT2B,,,FZD4,LRP6,,
WNT2B,,,FZD5,LRP6,,
WNT2B,,,FZD6,LRP6,,
WNT2B,,,FZD7,LRP6,,
WNT2B,,,FZD8,LRP6,,
WNT2B,,,FZD9,LRP6,,
WNT3,,,FZD1,LRP6,,
WNT3,,,FZD10,LRP6,,
WNT3,,,FZD2,LRP6,,
WNT3,,,FZD3,LRP6,,
WNT3,,,FZD4,LRP6,,
WNT3,,,FZD5,LRP6,,
WNT3,,,FZD6,LRP6,,
WNT3,,,FZD7,LRP6,,
WNT3,,,FZD8,LRP6,,
WNT3,,,FZD9,LRP6,,
WNT3A,,,FZD1,LRP6,,
WNT3A,,,FZD10,LRP6,,
WNT3A,,,FZD2,LRP6,,
WNT3A,,,FZD3,LRP6,,
WNT3A,,,FZD4,LRP6,,
WNT3A,,,FZD5,LRP6,,
WNT3A,,,FZD6,LRP6,,
WNT3A,,,FZD7,LRP6,,
WNT3A,,,FZD8,LRP6,,
WNT3A,,,FZD9,LRP6,,
WNT4,,,FZD1,LRP6,,
WNT4,,,FZD10,LRP6,,
WNT4,,,FZD2,LRP6,,
WNT4,,,FZD3,LRP6,,
WNT4,,,FZD4,LRP6,,
WNT4,,,FZD5,LRP6,,
WNT4,,,FZD6,LRP6,,
WNT4,,,FZD7,LRP6,,
WNT4,,,FZD8,LRP6,,
WNT4,,,FZD9,LRP6,,
WNT6,,,FZD1,LRP6,,
WNT6,,,FZD10,LRP6,,
WNT6,,,FZD2,LRP6,,
WNT6,,,FZD4,LRP6,,
WNT6,,,FZD5,LRP6,,
WNT6,,,FZD6,LRP6,,
WNT6,,,FZD7,LRP6,,
WNT6,,,FZD8,LRP6,,
WNT6,,,FZD9,LRP6,,
WNT7A,,,FZD1,LRP6,,
WNT7A,,,FZD10,LRP6,,
WNT7A,,,FZD2,LRP6,,
WNT7A,,,FZD3,LRP6,,
WNT7A,,,FZD4,LRP6,,
WNT7A,,,FZD5,LRP6,,
WNT7A,,,FZD6,LRP6,,
WNT7A,,,FZD7,LRP6,,
WNT7A,,,FZD8,LRP6,,
WNT7A,,,FZD9,LRP6,,
WNT7B,,,FZD1,LRP6,,
WNT7B,,,FZD10,LRP6,,
WNT7B,,,FZD2,LRP6,,
WNT7B,,,FZD3,LRP6,,
WNT7B,,,FZD4,LRP6,,
WNT7B,,,FZD5,LRP6,,
WNT7B,,,FZD6,LRP6,,
WNT7B,,,FZD7,LRP6,,
WNT7B,,,FZD8,LRP6,,
WNT7B,,,FZD9,LRP6,,
WNT8A,,,FZD1,LRP6,,
WNT8A,,,FZD10,LRP6,,
WNT8A,,,FZD2,LRP6,,
WNT8A,,,FZD3,LRP6,,
WNT8A,,,FZD4,LRP6,,
WNT8A,,,FZD5,LRP6,,
WNT8A,,,FZD6,LRP6,,
WNT8A,,,FZD7,LRP6,,
WNT8A,,,FZD8,LRP6,,
WNT8A,,,FZD9,LRP6,,
WNT8B,,,FZD1,LRP6,,
WNT8B,,,FZD10,LRP6,,
WNT8B,,,FZD2,LRP6,,
WNT8B,,,FZD3,LRP6,,
WNT8B,,,FZD4,LRP6,,
WNT8B,,,FZD5,LRP6,,
WNT8B,,,FZD6,LRP6,,
WNT8B,,,FZD7,LRP6,,
WNT8B,,,FZD8,LRP6,,
WNT8B,,,FZD9,LRP6,,
WNT9A,,,FZD1,LRP6,,
WNT9A,,,FZD10,LRP6,,
WNT9A,,,FZD2,LRP6,,
WNT9A,,,FZD3,LRP6,,
WNT9A,,,FZD4,LRP6,,
WNT9A,,,FZD5,LRP6,,
WNT9A,,,FZD6,LRP6,,
WNT9A,,,FZD7,LRP6,,
WNT9A,,,FZD8,LRP6,,
WNT9A,,,FZD9,LRP6,,
WNT9B,,,FZD1,LRP6,,
WNT9B,,,FZD10,LRP6,,
WNT9B,,,FZD2,LRP6,,
WNT9B,,,FZD3,LRP6,,
WNT9B,,,FZD4,LRP6,,
WNT9B,,,FZD5,LRP6,,
WNT9B,,,FZD6,LRP6,,
WNT9B,,,FZD7,LRP6,,
WNT9B,,,FZD8,LRP6,,
WNT9B,,,FZD9,LRP6,,
EGF,,,EGFR,,,
EGF,,,EGFR,ERBB2,,
TGFA,,,EGFR,,,
TGFA,,,EGFR,ERBB2,,
AREG,,,EGFR,,,
AREG,,,EGFR,ERBB2,,
BTC,,,EGFR,,,
BTC,,,EGFR,ERBB2,,
HBEGF,,,EGFR,,,
HBEGF,,,EGFR,ERBB2,,
EREG,,,EGFR,,,
EREG,,,EGFR,ERBB2,,
FGF2,,,FGFR1,,,
FGF2,,,FGFR2,,,
FGF2,,,FGFR3,,,
FGF2,,,FGFR4,,,
FGF5,,,FGFR1,,,
FGF5,,,FGFR2,,,
FGF5,,,FGFR3,,,
FGF5,,,FGFR4,,,
FGF21,,,FGFR1,,,
FGF21,,,FGFR3,,,
FGF23,,,FGFR1,,,
FGF23,,,FGFR3,,,
FGF23,,,FGFR4,,,
VEGFA,,,VEGFR1,,,
VEGFA,,,VEGFR2,,,
PGF,,,VEGFR1,,,
VEGFA,,,VEGFR1R2,,,
IGF1,,,IGF1R,,,
IGF2,,,IGF1R,,,
IGF1,,,ITGAV,ITGB3,,
IGF1,,,ITGA6,ITGB4,,
APLN,,,APLNR,,,
CCL2,,,CCR2,,,
CCL20,,,CCR6,,,
CCL2,,,ACKR1,,,
CXCL8,,,ACKR1,,,
CCL2,,,ACKR2,,,
CXCL8,,,CXCR1,,,
CXCL8,,,CXCR2,,,
CXCL12,,,CXCR4,,,
CXCL16,,,CXCR6,,,
MIF,,,CD74,CXCR4,,
MIF,,,CD74,CD44,,
MIF,,,CD74,CXCR2,,
MIF,,,ACKR3,,,
CX3CL1,,,CX3CR1,,,
IL2,,,IL2RA,IL2RB,IL2RG,
IL2,,,IL2RB,IL2RG,,
IL9,,,IL9R,IL2RG,,
IL15,,,IL15RA,IL2RB,,
IL3,,,IL3RA,CSF2RB,,
IL12B,,,IL12RB1,IL12RB2,,
CTF1,,,LIFR,IL6ST,,
IL10,,,IL10RA,IL10RB,,
IL19,,,IL20RA,IL20RB,,
IL1A,,,IL1R1,IL1RAP,,
IL1B,,,IL1R1,IL1RAP,,
IL1B,,,IL1R2,,,
IL1F5,,,IL1RL2,IL1RAP,,
IL1F6,,,IL1RL2,IL1RAP,,
IL1F8,,,IL1RL2,IL1RAP,,
IL1F9,,,IL1RL2,IL1RAP,,
IL1F10,,,IL1RL2,IL1RAP,,
IL33,,,IL1RL1,IL1RAP,,
IL17A,,,IL17RA,IL17RC,,
IL16,,,CD4,,,
PRL,,,PRLR,,,
IFNG,,,IFNGR1,IFNGR2,,
TNF,,,TNFRSF1A,,,
TNF,,,TNFRSF1B,,,
LTA,,,TNFRSF1A,,,
LTA,,,TNFRSF1B,,,
FASL,,,FAS,,,
TNFSF11,,,TNFRSF11A,,,
TNFSF11,,,TNFRSF11B,,,
CD40LG,,,ITGA5,ITGB1,,
CD40LG,,,ITGAM,ITGB2,,
SPP1,,,ITGAV,ITGB1,,
SPP1,,,ITGA4,ITGB1,,
SPP1,,,ITGA9,ITGB1,,
SPP1,,,ITGA8,ITGB1,,
SPP1,,,ITGA5,ITGB1,,
ADIPOQ,,,ADIPOR1,,,
ADIPOQ,,,ADIPOR2,,,
RETN,,,TLR4,,,
RETN,,,CAP1,,,
NAMPT,,,INSR,,,
NAMPT,,,ITGA5,ITGB1,,
ANGPTL1,,,ITGA1,ITGB1,,
ANGPTL2,,,ITGA5,ITGB1,,
ANGPTL2,,,TLR4,,,
ANGPTL4,,,ITGA5,ITGB1,,
ANGPTL4,,,ITGAV,ITGB3,,
ANGPTL4,,,CDH5,,,
ANGPTL4,,,CDH11,,,
ANGPTL4,,,SDC1,,,
ANGPTL4,,,SDC2,,,
ANGPTL4,,,SDC3,,,
ANGPTL4,,,SDC4,,,
ANGPTL3,,,ITGAV,ITGB3,,
ANGPT1,,,TEK,,,
ANGPT2,,,TEK,,,
ANGPT2,,,ITGA5,ITGB1,,
MDK,,,ITGA4,ITGB1,,
MDK,,,ITGA6,ITGB1,,
AGT,,,AGTR1B,,,
C3,,,C3AR1,,,
C3,,,CR2,,,
C3,,,ITGAM,ITGB2,,
C3,,,ITGAX,ITGB2,,
EDN1,,,EDNRA,,,
EDN1,,,EDNRB,,,
KISS1,,,KISS1R,,,
NPFF,,,NPFFR2,,,
UTS2,,,UTS2R,,,
F2,,,F2R,,,
F2,,,F2RL1,,,
F2,,,F2RL2,,,
F2,,,F2RL3,,,
F2,,,PARD3,,,
HGF,,,MET,,,
SEMA3A,,,NRP1,PLXNA1,,
SEMA3A,,,NRP1,PLXNA2,,
SEMA3A,,,NRP1,PLXNA3,,
SEMA3A,,,NRP1,PLXNA4,,
SEMA3B,,,NRP1,PLXNA1,,
SEMA3B,,,NRP1,PLXNA2,,
SEMA3B,,,NRP1,PLXNA3,,
SEMA3B,,,NRP1,PLXNA4,,
SEMA3C,,,NRP1,PLXNA1,,
SEMA3C,,,NRP1,PLXNA2,,
SEMA3C,,,NRP1,PLXNA3,,
SEMA3C,,,NRP1,PLXNA4,,
SEMA3D,,,NRP1,PLXNA1,,
SEMA3D,,,NRP1,PLXNA2,,
SEMA3D,,,NRP1,PLXNA3,,
SEMA3D,,,NRP1,PLXNA4,,
SEMA3C,,,NRP1,NRP2,,
ADM,,,CALCR,,,
ADM,,,CALCRL,,,
AGT,,,MAS1,,,
ANXA1,,,FPR2,,,
APELA,,,APLNR,,,
CALCA,,,CALCRL,,,
CALCB,,,CALCRL,,,
GAS6,,,AXL,,,
GAS6,,,MERTK,,,
GAS6,,,TYRO3,,,
IAPP,,,CALCRL,,,
LEP,,,LEPR,,,
NPVF,,,NPFFR2,,,
RARRES2,,,GPR1,,,
RARRES2,,,CMKLR1,,,
SAA1,,,FPR2,,,
BAG6,,,NCR3-PS,,,
LGALS9,,,HAVCR2,,,
COL1A1,,,ITGA1,ITGB1,,
COL1A2,,,ITGA1,ITGB1,,
COL2A1,,,ITGA1,ITGB1,,
COL4A1,,,ITGA1,ITGB1,,
COL4A2,,,ITGA1,ITGB1,,
COL4A3,,,ITGA1,ITGB1,,
COL4A4,,,ITGA1,ITGB1,,
COL4A5,,,ITGA1,ITGB1,,
COL4A6,,,ITGA1,ITGB1,,
COL6A1,,,ITGA1,ITGB1,,
COL6A2,,,ITGA1,ITGB1,,
COL6A3,,,ITGA1,ITGB1,,
COL6A5,,,ITGA1,ITGB1,,
COL6A6,,,ITGA1,ITGB1,,
COL9A1,,,ITGA1,ITGB1,,
COL9A2,,,ITGA1,ITGB1,,
COL9A3,,,ITGA1,ITGB1,,
COL1A1,,,ITGA2,ITGB1,,
COL1A2,,,ITGA2,ITGB1,,
COL2A1,,,ITGA2,ITGB1,,
COL4A1,,,ITGA2,ITGB1,,
COL4A2,,,ITGA2,ITGB1,,
COL4A3,,,ITGA2,ITGB1,,
COL4A4,,,ITGA2,ITGB1,,
COL4A5,,,ITGA2,ITGB1,,
COL4A6,,,ITGA2,ITGB1,,
COL6A1,,,ITGA2,ITGB1,,
COL6A2,,,ITGA2,ITGB1,,
COL6A3,,,ITGA2,ITGB1,,
COL6A5,,,ITGA2,ITGB1,,
COL6A6,,,ITGA2,ITGB1,,
COL9A1,,,ITGA2,ITGB1,,
COL9A2,,,ITGA2,ITGB1,,
COL9A3,,,ITGA2,ITGB1,,
FN1,,,ITGA3,ITGB1,,
FN1,,,ITGA4,ITGB1,,
FN1,,,ITGA5,ITGB1,,
FN1,,,ITGA8,ITGB1,,
LAMA1,,,ITGA1,ITGB1,,
LAMA2,,,ITGA1,ITGB1,,
LAMA3,,,ITGA1,ITGB1,,
LAMA4,,,ITGA1,ITGB1,,
LAMA5,,,ITGA1,ITGB1,,
LAMB1,,,ITGA1,ITGB1,,
LAMB2,,,ITGA1,ITGB1,,
LAMB3,,,ITGA1,ITGB1,,
LAMC1,,,ITGA1,ITGB1,,
LAMC2,,,ITGA1,ITGB1,,
LAMC3,,,ITGA1,ITGB1,,
LAMA1,,,ITGA2,ITGB1,,
LAMA2,,,ITGA2,ITGB1,,
LAMA3,,,ITGA2,ITGB1,,
LAMA4,,,ITGA2,ITGB1,,
LAMA5,,,ITGA2,ITGB1,,
LAMB1,,,ITGA2,ITGB1,,
LAMB2,,,ITGA2,ITGB1,,
LAMB3,,,ITGA2,ITGB1,,
LAMC1,,,ITGA2,ITGB1,,
LAMC2,,,ITGA2,ITGB1,,
LAMC3,,,ITGA2,ITGB1,,
CHAD,,,ITGA2,ITGB1,,
LAMA1,,,ITGA3,ITGB1,,
LAMA2,,,ITGA3,ITGB1,,
LAMA3,,,ITGA3,ITGB1,,
LAMA4,,,ITGA3,ITGB1,,
LAMA5,,,ITGA3,ITGB1,,
LAMB1,,,ITGA3,ITGB1,,
LAMB2,,,ITGA3,ITGB1,,
LAMB3,,,ITGA3,ITGB1,,
LAMC1,,,ITGA3,ITGB1,,
LAMC2,,,ITGA3,ITGB1,,
LAMC3,,,ITGA3,ITGB1,,
RELN,,,ITGA3,ITGB1,,
THBS1,,,ITGA3,ITGB1,,
THBS2,,,ITGA3,ITGB1,,
THBS3,,,ITGA3,ITGB1,,
THBS4,,,ITGA3,ITGB1,,
COMP,,,ITGA3,ITGB1,,
COL1A1,,,ITGA3,ITGB1,,
COL1A2,,,ITGA3,ITGB1,,
COL2A1,,,ITGA3,ITGB1,,
COL4A1,,,ITGA3,ITGB1,,
COL4A2,,,ITGA3,ITGB1,,
COL4A3,,,ITGA3,ITGB1,,
COL4A4,,,ITGA3,ITGB1,,
COL4A5,,,ITGA3,ITGB1,,
COL4A6,,,ITGA3,ITGB1,,
COL6A1,,,ITGA3,ITGB1,,
COL6A2,,,ITGA3,ITGB1,,
COL6A3,,,ITGA3,ITGB1,,
COL6A5,,,ITGA3,ITGB1,,
COL6A6,,,ITGA3,ITGB1,,
COL9A1,,,ITGA3,ITGB1,,
COL9A2,,,ITGA3,ITGB1,,
COL9A3,,,ITGA3,ITGB1,,
LAMA1,,,ITGA6,ITGB1,,
LAMA2,,,ITGA6,ITGB1,,
LAMA3,,,ITGA6,ITGB1,,
LAMA4,,,ITGA6,ITGB1,,
LAMA5,,,ITGA6,ITGB1,,
LAMB1,,,ITGA6,ITGB1,,
LAMB2,,,ITGA6,ITGB1,,
LAMB3,,,ITGA6,ITGB1,,
LAMC1,,,ITGA6,ITGB1,,
LAMC2,,,ITGA6,ITGB1,,
LAMC3,,,ITGA6,ITGB1,,
LAMA1,,,ITGA7,ITGB1,,
LAMA2,,,ITGA7,ITGB1,,
LAMA3,,,ITGA7,ITGB1,,
LAMA4,,,ITGA7,ITGB1,,
LAMA5,,,ITGA7,ITGB1,,
LAMB1,,,ITGA7,ITGB1,,
LAMB2,,,ITGA7,ITGB1,,
LAMB3,,,ITGA7,ITGB1,,
LAMC1,,,ITGA7,ITGB1,,
LAMC2,,,ITGA7,ITGB1,,
LAMC3,,,ITGA7,ITGB1,,
VTN,,,ITGA8,ITGB1,,
TNC,,,ITGA8,ITGB1,,
TNR,,,ITGA8,ITGB1,,
TNN,,,ITGA8,ITGB1,,
TNXB,,,ITGA8,ITGB1,,
NPNT1,,,ITGA8,ITGB1,,
NPNT2,,,ITGA8,ITGB1,,
TNC,,,ITGA9,ITGB1,,
TNR,,,ITGA9,ITGB1,,
TNN,,,ITGA9,ITGB1,,
TNXB,,,ITGA9,ITGB1,,
COL1A1,,,ITGA9,ITGB1,,
COL1A2,,,ITGA9,ITGB1,,
COL2A1,,,ITGA9,ITGB1,,
COL4A1,,,ITGA9,ITGB1,,
COL4A2,,,ITGA9,ITGB1,,
COL4A3,,,ITGA9,ITGB1,,
COL4A4,,,ITGA9,ITGB1,,
COL4A5,,,ITGA9,ITGB1,,
COL4A6,,,ITGA9,ITGB1,,
COL6A1,,,ITGA9,ITGB1,,
COL6A2,,,ITGA9,ITGB1,,
COL6A3,,,ITGA9,ITGB1,,
COL6A5,,,ITGA9,ITGB1,,
COL6A6,,,ITGA9,ITGB1,,
COL9A1,,,ITGA9,ITGB1,,
COL9A2,,,ITGA9,ITGB1,,
COL9A3,,,ITGA9,ITGB1,,
LAMA1,,,ITGA9,ITGB1,,
LAMA2,,,ITGA9,ITGB1,,
LAMA3,,,ITGA9,ITGB1,,
LAMA4,,,ITGA9,ITGB1,,
LAMA5,,,ITGA9,ITGB1,,
LAMB1,,,ITGA9,ITGB1,,
LAMB2,,,ITGA9,ITGB1,,
LAMB3,,,ITGA9,ITGB1,,
LAMC1,,,ITGA9,ITGB1,,
LAMC2,,,ITGA9,ITGB1,,
LAMC3,,,ITGA9,ITGB1,,
COL1A1,,,ITGA10,ITGB1,,
COL1A2,,,ITGA10,ITGB1,,
COL2A1,,,ITGA10,ITGB1,,
COL4A1,,,ITGA10,ITGB1,,
COL4A2,,,ITGA10,ITGB1,,
COL4A3,,,ITGA10,ITGB1,,
COL4A4,,,ITGA10,ITGB1,,
COL4A5,,,ITGA10,ITGB1,,
COL4A6,,,ITGA10,ITGB1,,
COL6A1,,,ITGA10,ITGB1,,
COL6A2,,,ITGA10,ITGB1,,
COL6A3,,,ITGA10,ITGB1,,
COL6A5,,,ITGA10,ITGB1,,
COL6A6,,,ITGA10,ITGB1,,
COL9A1,,,ITGA10,ITGB1,,
COL9A2,,,ITGA10,ITGB1,,
COL9A3,,,ITGA10,ITGB1,,
COL1A1,,,ITGA11,ITGB1,,
COL1A2,,,ITGA11,ITGB1,,
COL2A1,,,ITGA11,ITGB1,,
COL4A1,,,ITGA11,ITGB1,,
COL4A2,,,ITGA11,ITGB1,,
COL4A3,,,ITGA11,ITGB1,,
COL4A4,,,ITGA11,ITGB1,,
COL4A5,,,ITGA11,ITGB1,,
COL4A6,,,ITGA11,ITGB1,,
COL6A1,,,ITGA11,ITGB1,,
COL6A2,,,ITGA11,ITGB1,,
COL6A3,,,ITGA11,ITGB1,,
COL6A5,,,ITGA11,ITGB1,,
COL6A6,,,ITGA11,ITGB1,,
COL9A1,,,ITGA11,ITGB1,,
COL9A2,,,ITGA11,ITGB1,,
COL9A3,,,ITGA11,ITGB1,,
FN1,,,ITGAV,ITGB1,,
VTN,,,ITGAV,ITGB1,,
DSPP,,,ITGAV,ITGB1,,
FN1,,,ITGA4,ITGB7,,
FN1,,,ITGAV,ITGB3,,
THBS2,,,ITGAV,ITGB3,,
FN1,,,ITGA2B,ITGB3,,
FN1,,,ITGAV,ITGB6,,
FN1,,,ITGAV,ITGB8,,
COL1A1,,,ITGAV,ITGB8,,
FN1,,,CD44,,,
COL1A1,,,CD44,,,
COL1A1,,,SDC1,,,
FN1,,,SDC1,,,
THBS2,,,SDC1,,,
COL1A1,,,SDC4,,,
FN1,,,SDC4,,,
THBS2,,,SDC4,,,
THBS2,,,CD36,,,
COL1A1,,,GP6,,,
THBS2,,,CD47,,,
ADGRE5,,,CD55,,,
ANXA1,,,FPR2,LXA4,,
APP,,,CD74,,,
CD226,,,PVR,,,
FCER2A,,,ITGAM,ITGB2,,
FCER2A,,,ITGAX,ITGB2,,
ENTPD1,,,ADORA1,,,
ENTPD1,,,ADORA2A,,,
ENTPD1,,,ADORA2B,,,
ENTPD1,,,TMIGD3,,,
CD80,,,CD274,,,
CD80,,,CTLA4,,,
CD86,,,CTLA4,,,
CD96,,,PVR,,,
CDH1,,,ITGA1,ITGB1,,
CD209,,,CEACAM1,,,
CEACAM1,,,CEACAM5,,,
SELE,,,CEACAM1,,,
CSPG4,,,ITGA2,ITGB1,,
EPGN,,,EGFR,,,
GP1BA,,,ITGAM,ITGB2,,
ICAM1,,,ITGAX,ITGB2,,
ICAM1,,,ITGAL,ITGB2,,
ICAM2,,,ITGAL,ITGB2,,
ICAM1,,,ITGAM,ITGB2,,
ICAM2,,,ITGAM,ITGB2,,
ICAM1,,,ITGAL,,,
ICAM1,,,SPN,,,
ICOSL,,,CTLA4,,,
ITGB2,,,CD226,,,
ITGB2,,,ICAM1,,,
ITGB2,,,ICAM2,,,
JAM2,,,ITGA3,ITGB1,,
JAM2,,,ITGAV,ITGB1,,
JAM3,,,ITGAM,ITGB2,,
JAM1,,,ITGAL,ITGB2,,
JAM2,,,JAM3,,,
F11R,,,JAM3,,,
JAM3,,,F11R,,,
JAM3,,,JAM2,,,
JAM3,,,JAM3,,,
HLA-A,,,CD8A,,,
HLA-C,,,CD8A,,,
HLA-F,,,CD8A,,,
HLA-G,,,CD8A,,,
HLA-A,,,CD8B,,,
HLA-C,,,CD8B,,,
HLA-F,,,CD8B,,,
HLA-G,,,CD8B,,,
HLA-A,,,CD8B2,,,
HLA-C,,,CD8B2,,,
HLA-F,,,CD8B2,,,
HLA-G,,,CD8B2,,,
HLA-C,,,KIR2DL1,,,
HLA-C,,,KIR2DL2,,,
HLA-C,,,KIR2DL3,,,
HLA-C,,,KIR2DS1,,,
HLA-C,,,KIR2DS4,,,
HLA-G,,,LILRB1,,,
HLA-G,,,LILRB2,,,
HLA-F,,,KIR3DL1,,,
HLA-F,,,KIR3DL2,,,
HLA-C,,,KIR3DL3,,,
HLA-E,,,KLRC1,,,
HLA-A,,,KIR3DL1,,,
HLA-F,,,LILRB1,,,
HLA-F,,,KIR3DS1,,,
HLA-DRB1,,,CD4,,,
NCAM1,,,FGFR1,,,
NCAM1,,,NCAM1,,,
NCAM1,,,NCAM2,,,
NCAM1,,,L1CAM,,,
NECTIN3,,,PVR,,,
NECTIN3,,,TIGIT,,,
NECTIN2,,,TIGIT,,,
DLK1,,,NOTCH1,,,
DLL1,,,NOTCH1,,,
DLL3,,,NOTCH1,,,
DLL4,,,NOTCH1,,,
JAG1,,,NOTCH1,,,
JAG2,,,NOTCH1,,,
CD274,,,PDCD1,,,
PDCD1LG2,,,PDCD1,,,
PVR,,,CD226,,,
PVR,,,TIGIT,,,
SEMA4A,,,NRP1,PLXNA1,,
SEMA4A,,,NRP1,PLXNA3,,
SEMA4A,,,NRP1,PLXNA4,,
SEMA6D,,,PLXNA1,KDR,,
SEMA7A,,,ITGB1,ITGA1,,
THY1,,,ITGAM,ITGB2,,
THY1,,,ITGAX,ITGB2,,
TIGIT,,,NECTIN2,,,
TIGIT,,,PVR,,,
ITGA4,,,ITGB1,VCAM1,,
ITGA9,,,ITGB1,VCAM1,,
ITGA4,,,ITGB7,VCAM1,,
CDH1,,,ITGA2,ITGB1,,
CEACAM1,,,CD209,,,
CEACAM1,,,CEACAM6,,,
CEACAM1,,,CEACAM8,,,
CEACAM1,,,SELE,,,
CEACAM5,,,CEACAM1,,,
COL10A1,,,ITGA1,ITGB1,,
COL10A1,,,ITGA10,ITGB1,,
COL10A1,,,ITGA11,ITGB1,,
COL10A1,,,ITGA2,ITGB1,,
COL11A1,,,ITGA1,ITGB1,,
COL11A1,,,ITGA10,ITGB1,,
COL11A1,,,ITGA11,ITGB1,,
COL11A1,,,ITGA2,ITGB1,,
COL11A2,,,ITGA1,ITGB1,,
COL11A2,,,ITGA10,ITGB1,,
COL11A2,,,ITGA11,ITGB1,,
COL11A2,,,ITGA2,ITGB1,,
COL12A1,,,ITGA1,ITGB1,,
COL12A1,,,ITGA10,ITGB1,,
COL12A1,,,ITGA11,ITGB1,,
COL12A1,,,ITGA2,ITGB1,,
COL13A1,,,ITGA1,ITGB1,,
COL13A1,,,ITGA10,ITGB1,,
COL13A1,,,ITGA11,ITGB1,,
COL13A1,,,ITGA2,ITGB1,,
COL14A1,,,ITGA1,ITGB1,,
COL14A1,,,ITGA10,ITGB1,,
COL14A1,,,ITGA11,ITGB1,,
COL14A1,,,ITGA2,ITGB1,,
COL15A1,,,ITGA1,ITGB1,,
COL15A1,,,ITGA10,ITGB1,,
COL15A1,,,ITGA11,ITGB1,,
COL15A1,,,ITGA2,ITGB1,,
COL16A1,,,ITGA1,ITGB1,,
COL16A1,,,ITGA10,ITGB1,,
COL16A1,,,ITGA11,ITGB1,,
COL16A1,,,ITGA2,ITGB1,,
COL17A1,,,ITGA1,ITGB1,,
COL17A1,,,ITGA10,ITGB1,,
COL17A1,,,ITGA11,ITGB1,,
COL17A1,,,ITGA2,ITGB1,,
COL18A1,,,ITGA1,ITGB1,,
COL18A1,,,ITGA10,ITGB1,,
COL18A1,,,ITGA11,ITGB1,,
COL18A1,,,ITGA2,ITGB1,,
COL19A1,,,ITGA1,ITGB1,,
COL19A1,,,ITGA10,ITGB1,,
COL19A1,,,ITGA11,ITGB1,,
COL19A1,,,ITGA2,ITGB1,,
COL20A1,,,ITGA1,ITGB1,,
COL20A1,,,ITGA10,ITGB1,,
COL20A1,,,ITGA11,ITGB1,,
COL20A1,,,ITGA2,ITGB1,,
COL21A1,,,ITGA1,ITGB1,,
COL21A1,,,ITGA10,ITGB1,,
COL21A1,,,ITGA11,ITGB1,,
COL21A1,,,ITGA2,ITGB1,,
COL22A1,,,ITGA1,ITGB1,,
COL22A1,,,ITGA10,ITGB1,,
COL22A1,,,ITGA11,ITGB1,,
COL22A1,,,ITGA2,ITGB1,,
COL24A1,,,ITGA1,ITGB1,,
COL24A1,,,ITGA10,ITGB1,,
COL24A1,,,ITGA11,ITGB1,,
COL24A1,,,ITGA2,ITGB1,,
COL26A1,,,ITGA1,ITGB1,,
COL26A1,,,ITGA10,ITGB1,,
COL26A1,,,ITGA11,ITGB1,,
COL26A1,,,ITGA2,ITGB1,,
COL27A1,,,ITGA1,ITGB1,,
COL27A1,,,ITGA10,ITGB1,,
COL27A1,,,ITGA11,ITGB1,,
COL27A1,,,ITGA2,ITGB1,,
COL28A1,,,ITGA1,ITGB1,,
COL28A1,,,ITGA10,ITGB1,,
COL28A1,,,ITGA11,ITGB1,,
COL28A1,,,ITGA2,ITGB1,,
COL3A1,,,ITGA1,ITGB1,,
COL3A1,,,ITGA10,ITGB1,,
COL3A1,,,ITGA11,ITGB1,,
COL3A1,,,ITGA2,ITGB1,,
COL5A1,,,ITGA1,ITGB1,,
COL5A1,,,ITGA10,ITGB1,,
COL5A1,,,ITGA11,ITGB1,,
COL5A1,,,ITGA2,ITGB1,,
COL5A2,,,ITGA1,ITGB1,,
COL5A2,,,ITGA10,ITGB1,,
COL5A2,,,ITGA11,ITGB1,,
COL5A2,,,ITGA2,ITGB1,,
COL5A3,,,ITGA1,ITGB1,,
COL5A3,,,ITGA10,ITGB1,,
COL5A3,,,ITGA11,ITGB1,,
COL5A3,,,ITGA2,ITGB1,,
COL7A1,,,ITGA1,ITGB1,,
COL7A1,,,ITGA10,ITGB1,,
COL7A1,,,ITGA11,ITGB1,,
COL7A1,,,ITGA2,ITGB1,,
COL8A1,,,ITGA1,ITGB1,,
COL8A1,,,ITGA10,ITGB1,,
COL8A1,,,ITGA11,ITGB1,,
COL8A1,,,ITGA2,ITGB1,,
COL8A2,,,ITGA1,ITGB1,,
COL8A2,,,ITGA10,ITGB1,,
COL8A2,,,ITGA11,ITGB1,,
COL8A2,,,ITGA2,ITGB1,,
FGA,FGB,FGG,ITGA2B,ITGB3,,
FGA,FGB,FGG,ITGAM,ITGB2,,
FGA,FGB,FGG,ITGAX,ITGB2,,
FN1,,,ITGA10,ITGB1,,
FN1,,,ITGA11,ITGB1,,
FN1,,,ITGA2,ITGB1,,
FN1,,,ITGAV,ITGB5,,
GJA1,,,GJA1,,,
GJA1,,,GJA5,,,
GJA3,,,GJA1,,,
GJC1,,,GJA1,,,
ICAM3,,,ITGAD,ITGB2,,
ICAM3,,,ITGAL,ITGB2,,
ICAM4,,,ITGAL,ITGB2,,
JAM2,,,ITGA4,ITGB1,,
L1CAM,,,ITGA5,ITGB1,,
L1CAM,,,ITGA9,ITGB1,,
L1CAM,,,ITGAV,ITGB1,,
F10,,,ITGAM,ITGB2,,
F11R,,,ITGAL,ITGB2,,
F2,,,GP1BA,GP1BB,,
F2,,,ITGA2B,ITGB3,,
F2,,,ITGAV,ITGB3,,
F2,,,THBD,,,
TNC,,,ITGA4,ITGB1,,
VCAM1,,,ITGA4,ITGB1,,
VCAM1,,,ITGA4,ITGB7,,
VCAM1,,,ITGA9,ITGB1,,
VCAM1,,,ITGAD,ITGB2,,
PLA2G2A,,,ITGA4,ITGB1,,
PLA2G2A,,,ITGA5,ITGB1,,
NT5E,SLC29A1,,ADORA1,,,
NT5E,SLC29A1,,ADORA2A,,,
NT5E,SLC29A1,,ADORA2B,,,
NT5E,SLC29A1,,ADORA3,,,
NT5E,SLC29A2,,ADORA1,,,
NT5E,SLC29A2,,ADORA2A,,,
NT5E,SLC29A2,,ADORA2B,,,
NT5E,SLC29A2,,ADORA3,,,
NT5E,SLC29A3,,ADORA1,,,
NT5E,SLC29A3,,ADORA2A,,,
NT5E,SLC29A3,,ADORA2B,,,
NT5E,SLC29A3,,ADORA3,,,
NT5E,SLC29A4,,ADORA1,,,
NT5E,SLC29A4,,ADORA2A,,,
NT5E,SLC29A4,,ADORA2B,,,
NT5E,SLC29A4,,ADORA3,,,
ADM,,,CALCRL,GPER1,RAMP3,
ADM,,,RAMP3,,,
ADM2,,,CALCRL,GPER1,RAMP3,
ADM2,,,CALCRL,RAMP2,,
APP,,,FPR2,,,
CYP11B2,,,NR3C1,,,
CYP11B2,,,NR3C2,,,
CYP17A1,,,AR,,,
CYP27B1,,,VDR,,,
CYP21A2,,,NR3C2,,,
CYP19A1,,,ESR1,,,
CYP19A1,,,ESR2,,,
CYP19A1,,,GPER1,,,
CYP19A1,,,NR1I2,,,
ANGPT4,,,TEK,,,
AGT,,,AGTR1,,,
AGT,,,AGTR2,,,
APOA1,,,ABCA1,,,
APOA2,,,TREM2,TYROBP,,
APOE,,,TREM2,TYROBP,,
DAGLA,,,CNR1,,,
DAGLB,,,CNR1,,,
BMP15,GDF2,,ACVR1B,BMPR1B,BMPR2,
BMP2,,,ACVR2A,BMPR1A,,
BMP2,,,ACVR2A,BMPR1B,,
BMP2,,,ACVR2B,BMPR1A,,
BMP2,,,ACVR2B,BMPR1B,,
BMP7,,,ACVR2A,BMPR1A,,
BMP7,,,ACVR2A,BMPR1B,,
BMP7,,,ACVR2B,BMPR1A,,
BMP7,,,ACVR2B,BMPR1B,,
BMPR1B,BMPR2,,BMPR1A,,,
CALCA,,,CALCRL,RAMP1,,
CCL23,,,FPR2,,,
CXCL14,,,CXCR4,,,
C3,,,C5AR2,,,
C5,,,C5AR1,,,
C5,,,C5AR2,,,
SULT1A1,,,PPARG,,,
SULT1E1,,,PPARG,,,
SULT2A1,,,PPARG,,,
UBASH3B,,,ESR1,,,
DHRS9,,,PGR,,,
ENTPD1,,,ADORA3,,,
HSD17B1,,,ESR1,,,
HSD17B1,,,GPER1,,,
FCER2,,,ITGAM,ITGB2,,
FCER2,,,ITGAX,ITGB2,,
FGF19,,,FGFR4,KLB,,
FGF2,,,ITGAV,ITGB3,,
FGF21,,,FGFR4,KLB,,
FGF23,,,FGFR1,KL,,
LGALS3,,,MERTK,,,
GDF10,,,ACVR1B,ACVR2B,,
GDF11,,,ACVR1B,ACVR2A,,
GDF2,,,ACVR2A,ACVRL1,,
GDF9,,,BMPR2,TGFBR1,,
MSTN,,,ACVR2A,TGFBR1,,
MSTN,,,ACVR2B,TGFBR1,,
HLA-E,,,KLRC1,KLRD1,,
HLA-E,,,KLRC2,KLRD1,,
HLA-E,,,KLRC3,KLRD1,,
HLA-F,,,LILRB2,,,
MT,,,FPR2,RNR2,,
INHBA,INHBB,,ACVR1B,ACVR2A,,
INHBA,INHBB,,ACVR1B,ACVR2B,,
IGF1,,,GPC3,IGF1R,,
IGFBP3,,,TMEM219,,,
EBI3,IL27,,IL27RA,IL6ST,,
IL12A,IL12B,,IL12RB1,IL12RB2,,
IL12B,IL23A,,IL12RB1,IL23R,,
IL17A,IL17F,,IL17RA,IL17RC,,
IL1A,,,IL1R2,IL1RAP,,
IL1B,,,IL1R2,IL1RAP,,
IL1F10,,,IL1RAP,IL1RL2,,
IL1RAP,,,PTPRF,,,
IL1RN,,,IL1R1,IL1RAP,,
IL1RN,,,IL1R2,IL1RAP,,
IL3,,,CSF2RB,IL3RA,,
IL33,,,IL1RAP,IL1RL1,,
IL36A,,,IL1RAP,IL1RL2,,
IL36B,,,IL1RAP,IL1RL2,,
IL36G,,,IL1RAP,IL1RL2,,
IL36RN,,,IL1RAP,IL1RL2,,
IL9,,,IL2RG,IL9R,,
NCAM1,,,AGRN,,,
ALOX12,,,FPR2,,,
ALOX5,ALOX5AP,LTC4S,FPR2,,,
LPAR1,,,ADGRE5,,,
LPAR2,,,ADGRE5,,,
LPAR3,,,ADGRE5,,,
NTN1,,,DCC,,,
NTN1,,,DSCAM,,,
NTN1,,,UNC5A,,,
NTN1,,,UNC5B,,,
NTN1,,,UNC5C,,,
CNTN1,,,NOTCH1,,,
PGF,,,FLT1,,,
PGF,,,FLT1,KDR,,
PGF,,,NRP1,,,
PGF,,,NRP2,,,
PLAUR,,,ITGA4,ITGB1,,
PVR,,,CD96,,,
HSD3B1,,,PGR,,,
RSPO1,,,FZD8,LRP6,,
RSPO1,,,KREMEN1,LRP6,,
ALDH1A1,,,CRABP2,RARA,RXRA,
ALDH1A1,,,CRABP2,RXRA,,
ALDH1A2,,,CRABP2,RARA,RXRA,
ALDH1A2,,,CRABP2,RXRA,,
ALDH1A3,,,CRABP2,RARA,RXRA,
ALDH1A3,,,CRABP2,RXRA,,
RARRES2,,,CCRL2,,,
SOSTDC1,,,LRP6,,,
SEMA3A,,,NRP1,,,
SEMA6A,,,NRP1,PLXNA2,,
SEMA6D,,,KDR,PLXNA1,,
SEMA7A,,,ITGA1,ITGB1,,
SDC1,,,ADGRA2,,,
SDC2,,,ADGRA2,,,
TAFA5,,,FPR2,,,
THY1,,,ADGRE5,,,
TGFB1,,,TGFBR3,,,
TGFB2,,,ACVR1,TGFBR2,,
TGFB2,,,TGFBR3,,,
TGFB3,,,ACVR1,TGFBR2,,
TGFB3,,,ITGAV,ITGB6,,
TGFB3,,,ITGAV,ITGB8,,
TGFB3,,,TGFBR3,,,
FASLG,,,FAS,,,
FASLG,,,TNFRSF6B,,,
VEGFA,,,FLT1,,,
VEGFA,,,FLT1,KDR,,
VEGFA,,,KDR,,,
VEGFA,,,NRP1,,,
VEGFA,,,NRP2,,,
VEGFB,,,FLT1,,,
VEGFB,,,FLT1,KDR,,
VEGFB,,,NRP1,,,
VEGFC,,,KDR,,,
VEGFD,,,KDR,,,
DKK1,,,LRP6,,,
DKK2,,,LRP6,,,
WNT1,,,SFRP5,,,
WNT11,,,FZD1,LRP6,,
WNT11,,,FZD10,LRP6,,
WNT11,,,FZD2,LRP6,,
WNT11,,,FZD3,LRP6,,
WNT11,,,FZD4,LRP6,,
WNT11,,,FZD5,LRP6,,
WNT11,,,FZD6,LRP6,,
WNT11,,,FZD7,LRP6,,
WNT11,,,FZD8,LRP6,,
WNT11,,,FZD9,LRP6,,
WNT11,,,SFRP5,,,
WNT16,,,SFRP5,,,
WNT2,,,SFRP5,,,
WNT2B,,,SFRP5,,,
WNT3,,,CER1,,,
WNT3,,,FRZB,,,
WNT3,,,FZD8,RYK,,
WNT3,,,SFRP1,,,
WNT3,,,SFRP2,,,
WNT3,,,SFRP4,,,
WNT3,,,SFRP5,,,
WNT3,,,WIF1,,,
WNT3A,,,CER1,,,
WNT3A,,,FRZB,,,
WNT3A,,,FZD8,RYK,,
WNT3A,,,SFRP1,,,
WNT3A,,,SFRP2,,,
WNT3A,,,SFRP4,,,
WNT3A,,,SFRP5,,,
WNT3A,,,WIF1,,,
WNT4,,,SFRP5,,,
WNT5A,,,FZD10,LRP6,,
WNT5A,,,FZD2,LRP6,,
WNT5A,,,FZD3,LRP6,,
WNT5A,,,FZD4,LRP6,,
WNT5A,,,FZD5,LRP6,,
WNT5A,,,FZD6,LRP6,,
WNT5A,,,FZD7,LRP6,,
WNT5A,,,FZD8,LRP6,,
WNT5A,,,FZD9,LRP6,,
WNT5A,,,SFRP5,,,
WNT5B,,,FZD1,LRP6,,
WNT5B,,,FZD10,LRP6,,
WNT5B,,,FZD2,LRP6,,
WNT5B,,,FZD3,LRP6,,
WNT5B,,,FZD4,LRP6,,
WNT5B,,,FZD5,LRP6,,
WNT5B,,,FZD6,LRP6,,
WNT5B,,,FZD7,LRP6,,
WNT5B,,,FZD8,LRP6,,
WNT5B,,,FZD9,LRP6,,
WNT5B,,,SFRP5,,,
WNT6,,,SFRP5,,,
WNT7A,,,CER1,,,
WNT7A,,,FRZB,,,
WNT7A,,,SFRP1,,,
WNT7A,,,SFRP2,,,
WNT7A,,,SFRP4,,,
WNT7A,,,SFRP5,,,
WNT7A,,,WIF1,,,
WNT7B,,,SFRP5,,,
WNT8A,,,SFRP5,,,
WNT8B,,,SFRP5,,,
WNT9A,,,SFRP5,,,
WNT9B,,,SFRP5,,,
DKK1,,,KREMEN1,LRP6,,
DKK1,,,KREMEN2,LRP6,,
DKK2,,,KREMEN2,LRP6,,
INHA,,,ACVR1,ACVR2A,,
INHA,,,ACVR1,ACVR2B,,
INHA,,,ACVR1B,ACVR2A,,
INHA,,,ACVR1B,ACVR2B,,
INHA,,,ACVR1C,ACVR2A,,
INHA,,,ACVR1C,ACVR2B,,
INHA,INHBA,,ACVR1,ACVR2A,,
INHA,INHBA,,ACVR1,ACVR2B,,
INHA,INHBA,,ACVR1B,ACVR2A,,
INHA,INHBA,,ACVR1B,ACVR2B,,
INHA,INHBA,,ACVR1C,ACVR2A,,
INHA,INHBA,,ACVR1C,ACVR2B,,
INHA,INHBB,,ACVR1,ACVR2A,,
INHA,INHBB,,ACVR1,ACVR2B,,
INHA,INHBB,,ACVR1B,ACVR2A,,
INHA,INHBB,,ACVR1B,ACVR2B,,
INHA,INHBB,,ACVR1C,ACVR2A,,
INHA,INHBB,,ACVR1C,ACVR2B,,
ITGAV,ITGB1,,ADGRE2,,,
ITGAV,ITGB1,,ADGRE5,,,
ITGAV,ITGB3,,ADGRA2,,,
ITGAV,ITGB3,,ADGRE5,,,
ADIPOQ,,,ADIPOR1,ADIPOR2,,
BAG6,,,NCR3,,,
BST2,,,LILRA4,,,
CD274,,,CD80,,,
CD55,,,ADGRE5,,,
CD93,,,IFNGR1,,,
CSPG4,,,ITGA3,ITGB1,,
FBN1,,,ITGA5,ITGB1,,
FTL,,,SCARA5,,,
LCN2,,,SLC22A17,,,
MMP2,,,ITGAV,ITGB3,,
MST1,,,MST1R,,,
NXNL1,,,BSG,SLC16A1,,
PPIA,,,BSG,,,
PROC,,,PROCR,,,
PTPRD,,,IL1RAP,,,
RBP4,,,STRA6,,,
REN,,,ATP6AP2,,,
RNASET2,,,TLR8,,,
SFTPD,,,ADGRE5,,,
HLA-F,,,VSIR,,,
PVR,,,KIR2DL5A,,,
SEMA3F,,,NRP1,,,
DCN,,,EGFR,,,
DCN,,,MET,,,
DCN,,,ERBB4,,,
GRN,,,TNFRSF1A,,,
GRN,,,EGFR,,,
GRN,,,TNFRSF1B,,,
ICAM3,,,ITGB2,,,
CEACAM1,,,EGFR,,,
FGF4,,,NRP1,,,
ST6GAL1,,,EGFR,,,
NTN1,,,UNC5D,,,
NTN1,,,ADORA2B,,,
NTN1,,,NEO1,,,
CEACAM6,,,EGFR,,,
MIF,,,CXCR4,,,
MIF,,,CD44,,,
MIF,,,EGFR,,,
MIF,,,CXCR2,,,
TCN2,,,CNR1,,,
LGALS1,,,ITGB1,,,
LGALS1,,,PTPRC,,,
MMP2,,,PECAM1,,,
MMP2,,,CCR2,,,
MMP2,,,SDC2,,,
MMP2,,,FGFR1,,,
PLAT,,,ITGAM,,,
PLAT,,,LRP1,,,
PLAT,,,ITGB2,,,
DKK4,,,LRP6,,,
AMH,,,EGFR,,,
RETN,,,GPR25,,,
TGFB1,,,ENG,,,
TGFB1,,,EGFR,,,
TGFB1,,,ITGB8,,,
ICAM5,,,ITGB2,,,
COMP,,,ITGB1,,,
HGF,,,ITGB1,,,
HGF,,,NRP1,,,
LAMB1,,,ITGB1,,,
NAMPT,,,ADORA2A,,,
SERPINE1,,,LRP2,,,
SERPINE1,,,PLAUR,,,
SERPINE1,,,ITGAV,,,
SERPINE1,,,LRP1,,,
SERPINE1,,,ITGB5,,,
C5,,,ADRA2A,,,
C5,,,MTNR1A,,,
C5,,,GRM7,,,
WNT3,,,RYK,,,
WNT3,,,LRP6,,,
WNT3,,,ROR2,,,
WNT3,,,FZD1,,,
WNT3,,,FZD7,,,
WNT3,,,FZD8,,,
WNT3,,,FZD5,,,
CCL2,,,CCR4,,,
CCL2,,,CCR1,,,
CCL2,,,CCR5,,,
CCL2,,,CCR10,,,
CCL2,,,CCR3,,,
CCL2,,,ACKR4,,,
COL1A1,,,ITGA5,,,
COL1A1,,,CD93,,,
COL1A1,,,FLT4,,,
COL1A1,,,CD36,,,
COL1A1,,,ITGA1,,,
COL1A1,,,DDR2,,,
COL1A1,,,ITGAV,,,
COL1A1,,,ITGB1,,,
COL1A1,,,ITGA11,,,
COL1A1,,,TMPRSS6,,,
COL1A1,,,ITGA2,,,
COL1A1,,,DDR1,,,
VTN,,,ITGB1,,,
VTN,,,KDR,,,
VTN,,,PVR,,,
IL2,,,IL2RA,,,
IL2,,,IL2RG,,,
IL2,,,CD53,,,
SELPLG,,,ITGAM,,,
SELPLG,,,ITGB2,,,
IFNG,,,IFNGR2,,,
IFNG,,,IFNGR1,,,
GNB3,,,TGFBR1,,,
GNB3,,,GABBR2,,,
LAMA4,,,ITGB1,,,
IL12B,,,IL12RB1,,,
IL12B,,,IL23R,,,
IL12B,,,IL12RB2,,,
TFPI,,,VLDLR,,,
TFPI,,,LRP1,,,
TFPI,,,SDC4,,,
TFPI,,,F3,,,
APOB,,,ITGAM,,,
APOB,,,LRP6,,,
APOB,,,ITGB2,,,
APOB,,,TLR4,,,
PROC,,,ITGAM,,,
PROC,,,ITGB2,,,
PROC,,,THBD,,,
ANGPTL1,,,TEK,,,
FGF23,,,FGFR2,,,
FGF23,,,PHEX,,,
FGF23,,,KL,,,
TGFB3,,,ENG,,,
TGFB3,,,ITGB1,,,
TGFB3,,,TGFBR2,,,
TGFB3,,,ITGB3,,,
TGFB3,,,TGFBR1,,,
TGFB3,,,ACVRL1,,,
TGFB3,,,ITGB6,,,
TGFB3,,,ITGB5,,,
INHBA,,,ENG,,,
INHBA,,,ACVR1B,,,
INHA,,,ACVR1,,,
INHA,,,ACVR2B,,,
BMP4,,,LRP6,,,
TNFSF9,,,PVR,,,
C3,,,ITGAM,,,
C3,,,CD19,,,
C3,,,CD46,,,
C3,,,MTNR1A,,,
C3,,,GRM7,,,
C3,,,ITGAX,,,
C3,,,ADRA2A,,,
C3,,,IFITM1,,,
C3,,,CR1,,,
C3,,,ITGB2,,,
C3,,,CD81,,,
GDF1,,,ACVR1B,,,
APOE,,,LRP6,,,
APOE,,,LRP2,,,
APOE,,,VLDLR,,,
APOE,,,LDLR,,,
APOE,,,LRP5,,,
APOE,,,CHRNA4,,,
APOE,,,TREM2,,,
APOE,,,LSR,,,
APOE,,,SORL1,,,
APOE,,,ABCA1,,,
APOE,,,SCARB1,,,
APOE,,,SDC2,,,
APOE,,,LRP8,,,
APOE,,,LRP4,,,
BMP15,,,BMPR2,,,
GDF15,,,GFRAL,,,
GDF15,,,RET,,,
LAMA5,,,ITGB1,,,
CRP,,,CR1,,,
FST,,,BMPR2,,,
GDF11,,,ACVR1B,,,
GDF11,,,BMPR2,,,
LAMC1,,,ITGB1,,,
IL1RN,,,IL1R1,,,
CFC1,,,ACVR1B,,,
CCN3,,,PLXNA1,,,
CCN3,,,NOTCH1,,,
TGS1,,,RXRA,,,
MMP7,,,CD44,,,
MMP7,,,SDC1,,,
MMP7,,,CD151,,,
MMP7,,,ERBB4,,,
THBS1,,,ITGB1,,,
ADAM10,,,NOTCH1,,,
ADAM10,,,MET,,,
MSTN,,,ACVR2B,,,
CDH1,,,EGFR,,,
CDH1,,,IGF1R,,,
SEMA7A,,,ITGB1,,,
RIMS2,,,ABCA1,,,
TIMP2,,,ITGB1,,,
LGALS3BP,,,ITGB1,,,
IL1A,,,IL1R1,,,
IL1A,,,IL1RAP,,,
IL1B,,,SIGIRR,,,
IL1B,,,IL1R1,,,
IL1B,,,ADRB2,,,
IL1B,,,IL1RAP,,,
LAMC2,,,CD151,,,
LAMC2,,,ITGB1,,,
NID1,,,ITGB1,,,
FGF2,,,SDC1,,,
FGF2,,,CD44,,,
FGF2,,,SDC3,,,
FGF2,,,SDC4,,,
FGF2,,,GPC4,,,
FGF2,,,SDC2,,,
FGF2,,,FGFRL1,,,
FGF2,,,NRP1,,,
ICAM1,,,ITGAM,,,
ICAM1,,,ITGAX,,,
ICAM1,,,MUC1,,,
ICAM1,,,EGFR,,,
ICAM1,,,CAV1,,,
ICAM1,,,IL2RA,,,
ICAM1,,,ITGB2,,,
ICAM1,,,IL2RG,,,
F13A1,,,ITGA4,,,
F13A1,,,ITGB1,,,
BST1,,,CAV1,,,
KNG1,,,ITGAM,,,
KNG1,,,ITGB2,,,
VCAN,,,EGFR,,,
VCAN,,,ITGB1,,,
TNC,,,ITGB1,,,
EGF,,,CAV1,,,
EGF,,,NRP1,,,
SEMA3C,,,NRP1,,,
ADAM2,,,ITGB1,,,
TIMP3,,,CD44,,,
TIMP3,,,MET,,,
TIMP3,,,AGTR2,,,
LUM,,,ITGB1,,,
LEFTY1,,,ACVR1B,,,
GDF7,,,BMPR2,,,
CALM2,,,EGFR,,,
CALM2,,,MYLK,,,
CALM2,,,AQP1,,,
LRIG1,,,EGFR,,,
LRIG1,,,MET,,,
MEGF10,,,ABCA1,,,
IL9,,,IL2RG,,,
LIN7C,,,ABCA1,,,
CTF1,,,IL6ST,,,
PIGF,,,FLT1,,,
BMP3,,,BMPR2,,,
BMP6,,,BMPR2,,,
WNT3A,,,LRP5,,,
WNT3A,,,FZD5,,,
WNT3A,,,ROR1,,,
WNT3A,,,ATP6AP2,,,
WNT3A,,,APCDD1,,,
WNT3A,,,RYK,,,
WNT3A,,,FZD1,,,
WNT3A,,,FZD7,,,
WNT3A,,,FZD3,,,
WNT3A,,,FZD8,,,
WNT3A,,,FZD2,,,
WNT3A,,,FZD6,,,
APP,,,CAV1,,,
WNT7A,,,LDLR,,,
WNT7A,,,RECK,,,
WNT7A,,,FZD9,,,
WNT7A,,,FZD5,,,
GDF6,,,BMPR2,,,
ACE,,,BDKRB2,,,
ACE,,,AGTR2,,,
CALM3,,,ESR1,,,
CALM3,,,MYLK,,,
CALM3,,,AQP1,,,
S100B,,,ALCAM,,,
S100B,,,AGER,,,
S100A1,,,TLR4,,,
HCRT,,,NPFFR2,,,
SHANK1,,,ABCA1,,,
CXCL16,,,GRM7,,,
CXCL16,,,MTNR1A,,,
FGF19,,,FGFR2,,,
FGF19,,,FGFR1,,,
FGF19,,,FGFR3,,,
VCAM1,,,ITGA4,,,
VCAM1,,,ITGB1,,,
VCAM1,,,ITGB2,,,
VCAM1,,,EZR,,,
VCAM1,,,MSN,,,
VCAM1,,,ITGAD,,,
INHBB,,,ACVR1B,,,
BMP10,,,ENG,,,
BMP10,,,BMPR2,,,
COL6A3,,,ITGB1,,,
PF4,,,THBD,,,
TDGF1,,,ACVR1B,,,
CAMP,,,FPR2,,,
IL15,,,IL15RA,,,
IL15,,,IL2RA,,,
IL15,,,IL2RG,,,
IL3,,,IL3RA,,,
CSF2,,,ITGB1,,,
CSF2,,,IL3RA,,,
FABP5,,,RXRA,,,
COL1A2,,,ITGB1,,,
VEGFD,,,ITGB1,,,
JAM3,,,ITGB1,,,
JAM3,,,ITGB2,,,
HSP90B1,,,TLR9,,,
HSP90B1,,,TLR4,,,
COL6A2,,,ITGB1,,,
ANGPTL4,,,GPIHBP1,,,
ANGPTL4,,,TIE1,,,
FADD,,,ABCA1,,,
FADD,,,FAS,,,
IGF1,,,INSR,,,
IGF1,,,IGF2R,,,
IL16,,,GRIN2B,,,
IL16,,,KCNJ4,,,
IL16,,,KCNJ15,,,
IL16,,,KCNA3,,,
IL16,,,KCNJ10,,,
IL16,,,KCND2,,,
IL16,,,GRIN2A,,,
HSPA4,,,TLR4,,,
PCSK9,,,VLDLR,,,
PCSK9,,,LDLR,,,
DEFB4A,,,TLR4,,,
CD14,,,ITGB1,,,
CD14,,,TLR9,,,
CD14,,,ITGB2,,,
CD14,,,TLR4,,,
COL3A1,,,ITGB1,,,
BMP1,,,BMPR2,,,
FGB,,,ITGAM,,,
FGB,,,ITGB1,,,
FGB,,,ITGB2,,,
FGB,,,TLR4,,,
FGA,,,ITGAM,,,
FGA,,,ITGAX,,,
FGA,,,ITGB1,,,
FGA,,,ITGB2,,,
FGA,,,TLR4,,,
CXCL8,,,SDC1,,,
CXCL8,,,SDC3,,,
CXCL8,,,SDC2,,,
CXCL8,,,GRM7,,,
HAS2,,,HMMR,,,
HAS2,,,CD44,,,
RGMB,,,BMPR2,,,
F2,,,GP1BB,,,
F2,,,GP1BA,,,
INHBC,,,ACVR1B,,,
PLG,,,ITGAM,,,
PLG,,,ITGB1,,,
PLG,,,ITGB2,,,
EFEMP2,,,AQP1,,,
ADAM17,,,MUC1,,,
ADAM17,,,ITGB1,,,
ADAM17,,,RHBDF2,,,
ADAM17,,,IL6R,,,
ADAM17,,,MET,,,
ADAM17,,,ERBB4,,,
GNAI2,,,CAV1,,,
GNAI2,,,AGTR2,,,
GNAI2,,,CNR1,,,
ANGPT2,,,TIE1,,,
CALR,,,MPL,,,
CALR,,,TSHR,,,
LPA,,,ITGAM,,,
LPA,,,ITGB2,,,
LAMA3,,,ITGB1,,,
FBN1,,,ITGB3,,,
FBN1,,,ITGB1,,,
BGN,,,TLR4,,,
BGN,,,TLR1,,,
BMP8A,,,BMPR2,,,
FBLN1,,,ITGB1,,,
COL4A5,,,ITGB1,,,
COL7A1,,,ITGB1,,,
FGG,,,ITGB1,,,
FGG,,,ITGB3,,,
FGG,,,ITGB2,,,
FGG,,,TLR4,,,
COL9A3,,,ITGB1,,,
ICAM4,,,ITGAM,,,
ICAM4,,,ITGB2,,,
ICAM4,,,ITGB1,,,
TNFSF13,,,FAS,,,
HMGB1,,,SDC1,,,
FN1,,,ITGB3,,,
FN1,,,C5AR1,,,
FN1,,,ITGA6,,,
FN1,,,ITGA8,,,
FN1,,,DPP4,,,
FN1,,,ITGB1,,,
FN1,,,TMPRSS6,,,
FN1,,,COL13A1,,,
FN1,,,TSHR,,,
FN1,,,MAG,,,
COL18A1,,,ITGB1,,,
COL18A1,,,GPC4,,,
HP,,,ITGAM,,,
HP,,,ITGB2,,,
HP,,,TLR4,,,
HP,,,CD163,,,
ADAM15,,,ITGB1,,,
CALM1,,,MYLK,,,
COL9A1,,,ITGB1,,,
CCL20,,,CXCR3,,,
LAMC3,,,ITGB1,,,
COL6A1,,,ITGB1,,,
TGM2,,,ITGB1,,,
THBS2,,,ITGA4,,,
THBS2,,,ITGB1,,,
THBS2,,,ITGB3,,,
THBS2,,,NOTCH4,,,
THBS2,,,ITGA6,,,
LEFTY2,,,ACVR1B,,,
TGFB2,,,ENG,,,
TGFB2,,,TGFBR1,,,
C4BPA,,,BMPR2,,,
CFH,,,ITGAM,,,
CCN2,,,ITGAM,,,
CCN2,,,NTRK1,,,
CCN2,,,ITGB2,,,
APOA2,,,LDLR,,,
ADAM12,,,ITGB1,,,
ADAM12,,,SDC4,,,
S100A8,,,ITGB2,,,
S100A8,,,TLR4,,,
S100A12,,,TLR4,,,
S100A9,,,ITGB2,,,
S100A9,,,TLR4,,,
S100A9,,,CD36,,,
S100A9,,,AGER,,,
COL11A1,,,ITGB1,,,
CD40LG,,,ITGAM,,,
CD40LG,,,ITGB2,,,
BMP5,,,BMPR2,,,
ANGPTL3,,,ITGB3,,,
COL5A1,,,ITGB1,,,
CEL,,,CXCR4,,,
SFTPD,,,TLR4,,,
MMP9,,,ITGAM,,,
MMP9,,,RECK,,,
MMP9,,,CD44,,,
MMP9,,,ITGB2,,,
MMP9,,,EPHB2,,,
COL9A2,,,ITGB1,,,
PLAU,,,ITGAM,,,
PLAU,,,ITGB1,,,
PLAU,,,ITGB2,,,
BMP8B,,,BMPR2,,,
COL16A1,,,ITGB1,,,
GDF5,,,BMPR2,,,
HSPG2,,,ITGB1,,,
COL5A2,,,ITGB1,,,
F10,,,ITGAM,,,
F10,,,ITGB2,,,
COL4A1,,,ITGB1,,,
HLA-C,,,LILRB2,,,
HLA-C,,,CD3G,,,
HLA-C,,,KIR3DL1,,,
HLA-E,,,KLRD1,,,
BMP2,,,BMPR1B,,,
AGRN,,,ITGB1,,,
SHBG,,,CLDN4,,,
COL2A1,,,ITGB1,,,
ZG16B,,,CXCR4,,,
LAMA1,,,ITGB1,,,
LAMB3,,,CD151,,,
LAMB3,,,ITGB1,,,
IL1F10,,,IL1R1,,,
COL4A6,,,ITGB1,,,
SPP1,,,ITGB1,,,
ADM2,,,ADCYAP1R1,,,
ADM2,,,CALCRL,,,
ADM2,,,TSHR,,,
ADM2,,,GPR84,,,
CXCL12,,,ITGB1,,,
BMP7,,,BMPR1B,,,
HLA-A,,,CD3G,,,
ADIPOQ,,,GPR42,,,
TNF,,,FFAR2,,,
CCN1,,,ITGAM,,,
HRAS,,,AGTR1,,,
HLA-G,,,KLRC1,,,
ICAM2,,,ITGAM,,,
HSPA8,,,LDLR,,,
ADM,,,ADCYAP1R1,,,
ADM,,,TSHR,,,
ADM,,,GPR84,,,
CALR,,,ITGA3,,,
ADAM9,,,ITGA3,,,
FN1,,,ITGA3,,,
MIF,,,CD74,,,
HLA-G,,,CD4,,,
FASLG,,,TNFRSF1A,,,
TNFSF13,,,TNFRSF1A,,,
LTB,,,TNFRSF1A,,,
IL2,,,NGFR,,,
INHA,,,TGFBR3,,,
IL2,,,IL2RB,,,
IL15,,,IL2RB,,,
PF4,,,PROCR,,,
IL16,,,KCND1,,,
CXCL8,,,CD79A,,,
FN1,,,CD79A,,,
FN1,,,ITGB8,,,
IL10,,,IL10RA,,,
WNT7A,,,FZD10,,,
CFH,,,SELL,,,
BMP7,,,ACVR2A,,,
INHA,,,ACVR2A,,,
GDF2,,,ACVR2A,,,
BMP2,,,ACVR2A,,,
ADM2,,,RAMP3,,,
APOA2,,,LRP1,,,
GPC3,,,LRP1,,,
A2M,,,LRP1,,,
SERPINA1,,,LRP1,,,
APOE,,,LRP1,,,
PCSK9,,,LRP1,,,
MMP9,,,LRP1,,,
C3,,,LRP1,,,
CALR,,,LRP1,,,
CCN2,,,LRP1,,,
HPX,,,LRP1,,,
WNT3A,,,LRP1,,,
IL9,,,IL9R,,,
F12,,,CD93,,,
COL4A3,,,CD93,,,
COL4A6,,,CD93,,,
COL4A5,,,CD93,,,
KNG1,,,CD93,,,
SFTPA2,,,CD93,,,
COL4A2,,,CD93,,,
COL4A4,,,CD93,,,
MBL2,,,CD93,,,
COL1A2,,,CD93,,,
COL4A1,,,CD93,,,
C1QA,,,CD93,,,
KISS1,,,MMP24,,,
TNF,,,TRAF2,,,
BMP2,,,SMO,,,
S100A9,,,CD68,,,
S100A8,,,CD68,,,
HLA-A,,,LILRA1,,,
HLA-C,,,LILRA1,,,
ADM,,,RAMP2,,,
ADM2,,,RAMP2,,,
ADM,,,RAMP1,,,
ADM2,,,RAMP1,,,
PCSK9,,,SORT1,,,
FGF19,,,KLB,,,
FGF21,,,KLB,,,
LAMA1,,,NT5E,,,
FN1,,,NT5E,,,
TNF,,,RIPK1,,,
CALR,,,HLA-F,,,
B2M,,,HLA-F,,,
HMGB1,,,TLR2,,,
CALR,,,ITGAV,,,
FGG,,,ITGAV,,,
FBN1,,,ITGAV,,,
ADAM9,,,ITGAV,,,
VEGFA,,,ITGAV,,,
ANGPTL3,,,ITGAV,,,
FN1,,,ITGAV,,,
IGFBP4,,,LRP6,,,
RSPO1,,,LRP6,,,
PTH,,,LRP6,,,
WNT1,,,LRP6,,,
RSPO3,,,LRP6,,,
WNT2,,,LRP6,,,
WNT9B,,,LRP6,,,
CCN2,,,LRP6,,,
SOST,,,LRP6,,,
APP,,,LRP6,,,
CKLF,,,LRP6,,,
WNT5A,,,LRP6,,,
WNT7A,,,LRP6,,,
WNT3A,,,LRP6,,,
TNF,,,FLT4,,,
FN1,,,FLT4,,,
F2,,,ITGA2B,,,
CALR,,,ITGA2B,,,
FGG,,,ITGA2B,,,
FN1,,,ITGA2B,,,
CALR,,,SCARF1,,,
IL16,,,GRIN2D,,,
IL27,,,IL27RA,,,
THBS2,,,NOTCH3,,,
CTF1,,,LIFR,,,
HLA-A,,,APLP2,,,
PCSK9,,,APLP2,,,
BMP7,,,ACVR1,,,
GDF2,,,ACVR1,,,
BMP2,,,ACVR1,,,
TGFB2,,,ACVR1,,,
GPC3,,,CD81,,,
VEGFA,,,TYRO3,,,
AGT,,,LRP2,,,
GC,,,LRP2,,,
APOA2,,,LRP2,,,
GPC3,,,LRP2,,,
HSPA8,,,LRP2,,,
LCN2,,,LRP2,,,
LEP,,,LRP2,,,
PDGFC,,,KDR,,,
GREM1,,,KDR,,,
TIMP3,,,KDR,,,
SEMA6D,,,KDR,,,
CXCL8,,,KDR,,,
COL18A1,,,KDR,,,
BMP2,,,GPC1,,,
VEGFA,,,GPC1,,,
TNC,,,ITGA9,,,
VEGFC,,,ITGA9,,,
ADAM2,,,ITGA9,,,
PLG,,,ITGA9,,,
SPP1,,,ITGA9,,,
F13A1,,,ITGA9,,,
VEGFD,,,ITGA9,,,
ADAM12,,,ITGA9,,,
VCAM1,,,ITGA9,,,
TGM2,,,ITGA9,,,
VEGFA,,,ITGA9,,,
CSF2,,,ITGA9,,,
ADAM15,,,ITGA9,,,
FN1,,,ITGA9,,,
AGT,,,ENPEP,,,
SEMA3D,,,NRP1,,,
SEMA3B,,,NRP1,,,
SEMA3E,,,NRP1,,,
SEMA4A,,,NRP1,,,
FGF1,,,NRP1,,,
CNTN2,,,NRP1,,,
FGF7,,,NRP1,,,
NCAM1,,,CACNA1C,,,
WNT3A,,,LGR5,,,
VCAM1,,,ITGB7,,,
FN1,,,ITGB7,,,
AREG,,,ERBB3,,,
GPC3,,,IGF1R,,,
INS,,,IGF1R,,,
GNAI2,,,IGF1R,,,
CAMP,,,IGF1R,,,
HLA-A,,,ERBB2,,,
MMP9,,,IFNAR1,,,
TNF,,,CELSR2,,,
PTPN11,,,FCRL4,,,
BCAN,,,EGFR,,,
S100A4,,,EGFR,,,
ZP3,,,EGFR,,,
NRG1,,,EGFR,,,
FGF1,,,EGFR,,,
NRG4,,,EGFR,,,
ANXA1,,,EGFR,,,
L1CAM,,,EGFR,,,
EFEMP1,,,EGFR,,,
FGL1,,,EGFR,,,
ARF4,,,EGFR,,,
GNAI2,,,EGFR,,,
ANG,,,EGFR,,,
FGF13,,,EGFR,,,
GSTP1,,,EGFR,,,
HSP90AA1,,,EGFR,,,
CAMP,,,EGFR,,,
CNTF,,,EGFR,,,
CCN2,,,EGFR,,,
LRIG2,,,EGFR,,,
VEGFA,,,EGFR,,,
CALM1,,,EGFR,,,
SPINK1,,,EGFR,,,
CALM3,,,EGFR,,,
FASLG,,,TNFRSF10B,,,
MFNG,,,NOTCH1,,,
PSEN1,,,NOTCH1,,,
TNF,,,NOTCH1,,,
WNT4,,,NOTCH1,,,
DLK2,,,NOTCH1,,,
ADAM17,,,NOTCH1,,,
MFAP5,,,NOTCH1,,,
MFAP2,,,NOTCH1,,,
RBP3,,,NOTCH1,,,
AGT,,,ADRA2A,,,
APLN,,,ADRA2A,,,
CXCL8,,,ADRA2A,,,
CXCL16,,,ADRA2A,,,
CCL20,,,ADRA2A,,,
PDGFC,,,FLT1,,,
VEGFC,,,FLT1,,,
PLG,,,FLT1,,,
VEGFD,,,FLT1,,,
FBN1,,,ITGB6,,,
FN1,,,ITGB6,,,
BGN,,,LY96,,,
IL10,,,IL10RB,,,
IL16,,,CCR5,,,
FGF19,,,FGFR4,,,
FGF21,,,FGFR4,,,
IL16,,,GRIN2C,,,
FGG,,,ITGA5,,,
CCN2,,,ITGA5,,,
FBN1,,,ITGA5,,,
ADAM17,,,ITGA5,,,
ANGPTL3,,,ITGA5,,,
FN1,,,ITGA5,,,
IL17A,,,IL17RC,,,
FN1,,,IL17RC,,,
ADAM9,,,ITGB5,,,
FN1,,,ITGA2,,,
NUCB2,,,ERAP1,,,
TNF,,,TNFRSF21,,,
FN1,,,TNFRSF11B,,,
ADM,,,GPR182,,,
HLA-A,,,CD3D,,,
HLA-C,,,CD3D,,,
AGT,,,MTNR1A,,,
APLN,,,MTNR1A,,,
CALR,,,MTNR1A,,,
CXCL8,,,MTNR1A,,,
CCL20,,,MTNR1A,,,
F2,,,GP9,,,
FN1,,,ROBO4,,,
ACE2,,,SLC6A19,,,
HSPA8,,,ADRB2,,,
ADM,,,ADRB2,,,
ADM2,,,ADRB2,,,
S100A9,,,ALCAM,,,
FN1,,,SDC2,,,
NPY,,,NPFFR2,,,
SHBG,,,GPRC6A,,,
CALM1,,,AQP1,,,
C1QA,,,CSPG4,,,
IL19,,,IL20RA,,,
HLA-A,,,LILRB1,,,
HLA-C,,,LILRB1,,,
SEMA4D,,,MET,,,
SEMA5A,,,MET,,,
TNF,,,ICOS,,,
IL17A,,,IL17RA,,,
ADM,,,PTH1R,,,
ADM2,,,PTH1R,,,
HLA-A,,,KIR3DL2,,,
ADM,,,VIPR1,,,
ADM2,,,VIPR1,,,
PTMA,,,VIPR1,,,
IL19,,,IL20RB,,,
APOD,,,LEPR,,,
BSG,,,SELE,,,
IL6,,,F3,,,
HLA-A,,,KIR2DL1,,,
BMP2,,,HJV,,,
CCN1,,,CAV1,,,
PTGS2,,,CAV1,,,
HRAS,,,CAV1,,,
MMP12,,,PLAUR,,,
FN1,,,PLAUR,,,
HLA-G,,,KIR2DL4,,,
BMP7,,,ACVR2B,,,
GDF2,,,ACVR2B,,,
BMP2,,,ACVR2B,,,
TNF,,,TRADD,,,
HLA-A,,,KIR2DL3,,,
CCN2,,,ERBB4,,,
ADM,,,ADRB3,,,
ADM2,,,ADRB3,,,
SHBG,,,SLC37A1,,,
EDN1,,,KEL,,,
NCAM1,,,GFRA1,,,
VEGFA,,,RET,,,
TNF,,,FAS,,,
CALM1,,,FAS,,,
TNF,,,PTPRS,,,
AGT,,,GRM7,,,
APLN,,,GRM7,,,
CCL20,,,GRM7,,,
TGFB2,,,TGFBR2,,,
ADM2,,,CALCR,,,
MMP9,,,TLR9,,,
HRAS,,,TLR9,,,
CD55,,,CR1,,,
C4A,,,CR1,,,
C4B,,,CR1,,,
C1QA,,,CR1,,,
EDN1,,,ADGRL4,,,
BMP7,,,BMPR1A,,,
BMP2,,,BMPR1A,,,
BMP7,,,ENG,,,
GDF2,,,ENG,,,
BMP2,,,ENG,,,
CCN1,,,TLR4,,,
HSPA1A,,,TLR4,,,
IRAK4,,,TLR4,,,
ZG16B,,,TLR4,,,
ADIPOQ,,,CNR2,,,
GDF9,,,BMPR2,,,
BMP7,,,BMPR2,,,
GDF2,,,BMPR2,,,
BMP2,,,BMPR2,,,
RGMA,,,BMPR2,,,
VEGFA,,,EPHB2,,,
PLTP,,,ABCA1,,,
HLA-C,,,NOTCH4,,,
ADM,,,GPR20,,,
ADM2,,,GPR20,,,
TNFSF11,,,LGR4,,,
NCAM1,,,PTPRA,,,
HLA-G,,,KLRD1,,,
B2M,,,KLRD1,,,
HLA-B,,,KLRD1,,,
GDF2,,,ACVRL1,,,
HLA-G,,,KIR3DL1,,,
HLA-A,,,LILRB2,,,
TNF,,,VSIR,,,
VEGFC,,,ITGB1,,,
LAMA2,,,ITGB1,,,
LAMB2,,,ITGB1,,,
NPNT,,,ITGB1,,,
DSPP,,,ITGB1,,,
MDK,,,ITGB1,,,
COL4A4,,,ITGB1,,,
RELN,,,ITGB1,,,
COL4A3,,,ITGB1,,,
ADAM9,,,ITGB1,,,
CHAD,,,ITGB1,,,
ANGPT1,,,ITGB1,,,
VEGFA,,,ITGB1,,,
CCN1,,,ITGB2,,,
SPON2,,,ITGB2,,,
ICAM2,,,ITGB2,,,
TNF,,,TRPM2,,,
VEGFA,,,SIRPA,,,
ADAM9,,,ITGA6,,,
FGF21,,,FGFR2,,,
NCAM1,,,FGFR2,,,
NCAM1,,,ROBO1,,,
B2M,,,KLRC1,,,
SPON2,,,ITGAM,,,
GDF10,,,ACVR1B,,,
VEGFA,,,ITGB3,,,
VEGFA,,,GRIN2B,,,
ADAM7,,,ITGA4,,,
ADAM7,,,ITGB7,,,
ADM,,,MRGPRX2,,,
ALCAM,,,NRP1,,,
ANGPTL2,,,ITGB1,,,
ANXA2,,,ROBO4,,,
ANXA2,,,TLR2,,,
LOC538751,,,EGFR,,,
LOC783680,,,HLA-F,,,
BGN,,,FGFR3,,,
BMP2,,,RGMB,,,
BMP7,,,HJV,,,
C1QA,,,CD33,,,
C3,,,NRP1,,,
C4A,,,NRP1,,,
CATHL3,,,FPR2,,,
LOC101907368,,,FPR2,,,
CATHL1,,,FPR2,,,
CATHL5,,,FPR2,,,
CATHL4,,,FPR2,,,
CATHL2,,,FPR2,,,
CATHL6,,,FPR2,,,
LOC515991,,,FPR2,,,
CCL20,,,ACKR4,,,
CIRBP,,,TREM1,,,
CLEC11A,,,ITGB1,,,
CNTN6,,,NOTCH1,,,
CX3CL1,,,ITGAV,,,
CX3CL1,,,ITGB3,,,
DCN,,,TLR2,,,
DCN,,,TLR4,,,
DNAJB11,,,PRTG,,,
FAM3D,,,FPR2,,,
FGF1,,,CSPG4,,,
BOLA-A,,,KLRD1,,,
BOLA,,,KLRD1,,,
JSP.1,,,KLRD1,,,
BOLA-NC1,,,KLRD1,,,
HMGB1,,,HAVCR2,,,
IL32,,,ITGB3,,,
ITGB2,,,THY1,,,
KIR3DS1,,,HLA-F,,,
LGALS1,,,CD69,,,
LGALS3,,,LAG3,,,
MATN1,,,ITGB1,,,
MMRN2,,,CD93,,,
NCAM1,,,PTPRZ1,,,
NCAM1,,,ROBO3,,,
NECTIN4,,,TIGIT,,,
NTN1,,,MCAM,,,
OMG,,,TNFRSF1B,,,
PGLYRP1,,,TREM1,,,
PLA2G2A,,,ITGB1,,,
PRG4,,,TLR4,,,
PROC,,,TEK,,,
PTDSS1,,,JMJD6,,,
PTPRZ1,,,NCAM1,,,
PVR,,,NECTIN3,,,
PVR,,,PVRIG,,,
SPON2,,,ITGB1,,,
TFF2,,,CXCR4,,,
TFF3,,,CXCR4,,,
TIMD4,,,HAVCR1,,,
TNFSF12,,,CD163,,,
WNT3A,,,FZD10,,,
WNT7A,,,FZD1,,,
YBX1,,,NOTCH1,,,
ITGA5,ITGB1,,ADGRE5,,,
IL27,IL12A,,IL27RA,IL12RB2,,
BMP15,GDF9,,BMPR1B,BMPR2,ACVR1B,
FGA,FGG,FGB,ITGA2B,ITGB3,,
FGA,FGG,FGB,ITGB2,ITGAM,,
FGA,FGG,FGB,TLR4,,,
ZG16B,,,CXCR4,TLR2,,
FGF2,,,FGFR1,TGFBR3,,
WNT7A,,,ADGRA2,RECK,FZD5,LRP6
WNT7B,,,ADGRA2,RECK,FZD5,LRP6
WNT7A,,,ADGRA2,RECK,FZD5,LRP5
WNT7B,,,ADGRA2,RECK,FZD5,LRP5
ADM,,,CALCRL,RAMP3,,
IAPP,,,CALCRL,RAMP3,,
ADM,,,CALCR,RAMP2,,
IAPP,,,CALCRL,RAMP2,,
IAPP,,,CALCRL,RAMP1,,
SEMA3C,,,NRP1,PLXND1,,
SEMA3B,,,PLXNA4,PLXNA2,NRP1,
SEMA3A,,,NRP1,PLXNA1,PLXNA4,
SEMA4D,,,PLXNB1,MET,,
SEMA5A,,,PLXNB3,MET,,
WNT5A,,,FZD1,LRP6,,
WNT9A,,,FZD9,LRP6,EGFR,
WNT9A,,,FZD9,LRP5,EGFR,
HLA-E,,,KLRD1,KLRC2,,
HLA-E,,,KLRD1,KLRC1,,
ADAM9,,,ITGAV,ITGB5,,
FBN1,,,ITGAV,ITGB3,,
ICAM5,,,ITGAL,ITGB2,,
HP,,,ITGAM,ITGB2,,
TIMP1,,,CD63,ITGB1,,
ADAM9,,,ITGA1,ITGB1,,
TIMP2,,,ITGA3,ITGB1,,
ADAM9,,,ITGA3,ITGB1,,
CSPG4,,,ITGA4,ITGB1,,
CD14,,,ITGA4,ITGB1,,
ADAM28,,,ITGA4,ITGB1,,
ANGPT1,,,ITGA5,ITGB1,,
ADAM17,,,ITGA5,ITGB1,,
ADAM9,,,ITGA6,ITGB1,,
TSPAN1,,,ITGA6,ITGB1,,
PLG,,,ITGA9,ITGB1,,
ADAM9,,,ITGAV,ITGB1,,
FCER2,,,ITGB2,ITGAX,,
C3,,,ITGB2,ITGAX,,
SPP1,,,ITGB1,ITGAV,,
FN1,,,ITGB1,ITGAV,,
FN1,,,ITGB6,ITGAV,,
VCAM1,,,ITGB2,ITGAM,,
FCER2,,,ITGB2,ITGAM,,
JAM3,,,ITGB2,ITGAM,,
GP1BA,,,ITGB2,ITGAM,,
C3,,,ITGB2,ITGAM,,
ICAM2,,,ITGB2,ITGAL,,
ICAM3,,,ITGB2,ITGAL,,
F11R,,,ITGB2,ITGAL,,
ICAM4,,,ITGB2,ITGAL,,
ICAM1,,,ITGB2,ITGAL,,
ICAM3,,,ITGB2,ITGAD,,
VCAM1,,,ITGB2,ITGAD,,
SPP1,,,ITGB1,ITGA9,,
VCAM1,,,ITGB1,ITGA9,,
F13A1,,,ITGB1,ITGA9,,
L1CAM,,,ITGB1,ITGA9,,
FN1,,,ITGB1,ITGA9,,
SPP1,,,ITGB1,ITGA8,,
FN1,,,ITGB1,ITGA8,,
TNC,,,ITGB1,ITGA7,,
L1CAM,,,ITGB1,ITGA5,,
SPP1,,,ITGB1,ITGA5,,
F13A1,,,ITGB1,ITGA5,,
SPON2,,,ITGB1,ITGA5,,
CD40LG,,,ITGB1,ITGA5,,
FN1,,,ITGB1,ITGA5,,
SPP1,,,ITGB1,ITGA4,,
PLAUR,,,ITGB1,ITGA4,,
JAM2,,,ITGB1,ITGA4,,
VCAM1,,,ITGB1,ITGA4,,
SPON2,,,ITGB1,ITGA4,,
FN1,,,ITGB1,ITGA4,,
VCAM1,,,ITGB7,ITGA4,,
FN1,,,ITGB7,ITGA4,,
FN1,,,ITGB1,ITGA3,,
CDH1,,,ITGB1,ITGA2,,
HSPG2,,,ITGB1,ITGA2,,
COL10A1,,,ITGB1,ITGA2,,
COL11A1,,,ITGB1,ITGA2,,
COL11A2,,,ITGB1,ITGA2,,
COL12A1,,,ITGB1,ITGA2,,
COL13A1,,,ITGB1,ITGA2,,
COL14A1,,,ITGB1,ITGA2,,
COL15A1,,,ITGB1,ITGA2,,
COL16A1,,,ITGB1,ITGA2,,
COL17A1,,,ITGB1,ITGA2,,
COL18A1,,,ITGB1,ITGA2,,
COL19A1,,,ITGB1,ITGA2,,
COL1A1,,,ITGB1,ITGA2,,
COL1A2,,,ITGB1,ITGA2,,
COL20A1,,,ITGB1,ITGA2,,
COL21A1,,,ITGB1,ITGA2,,
COL22A1,,,ITGB1,ITGA2,,
COL24A1,,,ITGB1,ITGA2,,
COL26A1,,,ITGB1,ITGA2,,
COL27A1,,,ITGB1,ITGA2,,
COL28A1,,,ITGB1,ITGA2,,
COL2A1,,,ITGB1,ITGA2,,
COL3A1,,,ITGB1,ITGA2,,
COL4A1,,,ITGB1,ITGA2,,
COL4A2,,,ITGB1,ITGA2,,
COL4A3,,,ITGB1,ITGA2,,
COL4A4,,,ITGB1,ITGA2,,
COL4A5,,,ITGB1,ITGA2,,
COL4A6,,,ITGB1,ITGA2,,
COL5A1,,,ITGB1,ITGA2,,
COL5A2,,,ITGB1,ITGA2,,
COL5A3,,,ITGB1,ITGA2,,
COL6A1,,,ITGB1,ITGA2,,
COL6A2,,,ITGB1,ITGA2,,
COL6A3,,,ITGB1,ITGA2,,
COL6A5,,,ITGB1,ITGA2,,
COL6A6,,,ITGB1,ITGA2,,
COL7A1,,,ITGB1,ITGA2,,
COL8A1,,,ITGB1,ITGA2,,
COL8A2,,,ITGB1,ITGA2,,
COL9A1,,,ITGB1,ITGA2,,
COL9A2,,,ITGB1,ITGA2,,
COL9A3,,,ITGB1,ITGA2,,
COL10A1,,,ITGB1,ITGA11,,
COL11A1,,,ITGB1,ITGA11,,
COL11A2,,,ITGB1,ITGA11,,
COL12A1,,,ITGB1,ITGA11,,
COL13A1,,,ITGB1,ITGA11,,
COL14A1,,,ITGB1,ITGA11,,
COL15A1,,,ITGB1,ITGA11,,
COL16A1,,,ITGB1,ITGA11,,
COL17A1,,,ITGB1,ITGA11,,
COL18A1,,,ITGB1,ITGA11,,
COL19A1,,,ITGB1,ITGA11,,
COL1A1,,,ITGB1,ITGA11,,
COL1A2,,,ITGB1,ITGA11,,
COL20A1,,,ITGB1,ITGA11,,
COL21A1,,,ITGB1,ITGA11,,
COL22A1,,,ITGB1,ITGA11,,
COL24A1,,,ITGB1,ITGA11,,
COL26A1,,,ITGB1,ITGA11,,
COL27A1,,,ITGB1,ITGA11,,
COL28A1,,,ITGB1,ITGA11,,
COL2A1,,,ITGB1,ITGA11,,
COL3A1,,,ITGB1,ITGA11,,
COL4A1,,,ITGB1,ITGA11,,
COL4A2,,,ITGB1,ITGA11,,
COL4A3,,,ITGB1,ITGA11,,
COL4A4,,,ITGB1,ITGA11,,
COL4A5,,,ITGB1,ITGA11,,
COL4A6,,,ITGB1,ITGA11,,
COL5A1,,,ITGB1,ITGA11,,
COL5A2,,,ITGB1,ITGA11,,
COL5A3,,,ITGB1,ITGA11,,
COL6A1,,,ITGB1,ITGA11,,
COL6A2,,,ITGB1,ITGA11,,
COL6A3,,,ITGB1,ITGA11,,
COL6A5,,,ITGB1,ITGA11,,
COL6A6,,,ITGB1,ITGA11,,
COL7A1,,,ITGB1,ITGA11,,
COL8A1,,,ITGB1,ITGA11,,
COL8A2,,,ITGB1,ITGA11,,
COL9A1,,,ITGB1,ITGA11,,
COL9A2,,,ITGB1,ITGA11,,
COL9A3,,,ITGB1,ITGA11,,
COL10A1,,,ITGB1,ITGA10,,
COL11A1,,,ITGB1,ITGA10,,
COL11A2,,,ITGB1,ITGA10,,
COL12A1,,,ITGB1,ITGA10,,
COL13A1,,,ITGB1,ITGA10,,
COL14A1,,,ITGB1,ITGA10,,
COL15A1,,,ITGB1,ITGA10,,
COL16A1,,,ITGB1,ITGA10,,
COL17A1,,,ITGB1,ITGA10,,
COL18A1,,,ITGB1,ITGA10,,
COL19A1,,,ITGB1,ITGA10,,
COL1A1,,,ITGB1,ITGA10,,
COL1A2,,,ITGB1,ITGA10,,
COL20A1,,,ITGB1,ITGA10,,
COL21A1,,,ITGB1,ITGA10,,
COL22A1,,,ITGB1,ITGA10,,
COL24A1,,,ITGB1,ITGA10,,
COL26A1,,,ITGB1,ITGA10,,
COL27A1,,,ITGB1,ITGA10,,
COL28A1,,,ITGB1,ITGA10,,
COL2A1,,,ITGB1,ITGA10,,
COL3A1,,,ITGB1,ITGA10,,
COL4A1,,,ITGB1,ITGA10,,
COL4A2,,,ITGB1,ITGA10,,
COL4A3,,,ITGB1,ITGA10,,
COL4A4,,,ITGB1,ITGA10,,
COL4A5,,,ITGB1,ITGA10,,
COL4A6,,,ITGB1,ITGA10,,
COL5A1,,,ITGB1,ITGA10,,
COL5A2,,,ITGB1,ITGA10,,
COL5A3,,,ITGB1,ITGA10,,
COL6A1,,,ITGB1,ITGA10,,
COL6A2,,,ITGB1,ITGA10,,
COL6A3,,,ITGB1,ITGA10,,
COL6A5,,,ITGB1,ITGA10,,
COL6A6,,,ITGB1,ITGA10,,
COL7A1,,,ITGB1,ITGA10,,
COL8A1,,,ITGB1,ITGA10,,
COL8A2,,,ITGB1,ITGA10,,
COL9A1,,,ITGB1,ITGA10,,
COL9A2,,,ITGB1,ITGA10,,
COL9A3,,,ITGB1,ITGA10,,
COL10A1,,,ITGB1,ITGA1,,
COL11A1,,,ITGB1,ITGA1,,
COL11A2,,,ITGB1,ITGA1,,
COL12A1,,,ITGB1,ITGA1,,
COL13A1,,,ITGB1,ITGA1,,
COL14A1,,,ITGB1,ITGA1,,
COL15A1,,,ITGB1,ITGA1,,
COL16A1,,,ITGB1,ITGA1,,
COL17A1,,,ITGB1,ITGA1,,
COL18A1,,,ITGB1,ITGA1,,
COL19A1,,,ITGB1,ITGA1,,
COL1A1,,,ITGB1,ITGA1,,
COL1A2,,,ITGB1,ITGA1,,
COL20A1,,,ITGB1,ITGA1,,
COL21A1,,,ITGB1,ITGA1,,
COL22A1,,,ITGB1,ITGA1,,
COL24A1,,,ITGB1,ITGA1,,
COL26A1,,,ITGB1,ITGA1,,
COL27A1,,,ITGB1,ITGA1,,
COL28A1,,,ITGB1,ITGA1,,
COL2A1,,,ITGB1,ITGA1,,
COL3A1,,,ITGB1,ITGA1,,
COL4A1,,,ITGB1,ITGA1,,
COL4A2,,,ITGB1,ITGA1,,
COL4A3,,,ITGB1,ITGA1,,
COL4A4,,,ITGB1,ITGA1,,
COL4A5,,,ITGB1,ITGA1,,
COL4A6,,,ITGB1,ITGA1,,
COL5A1,,,ITGB1,ITGA1,,
COL5A2,,,ITGB1,ITGA1,,
COL5A3,,,ITGB1,ITGA1,,
COL6A1,,,ITGB1,ITGA1,,
COL6A2,,,ITGB1,ITGA1,,
COL6A3,,,ITGB1,ITGA1,,
COL6A5,,,ITGB1,ITGA1,,
COL6A6,,,ITGB1,ITGA1,,
COL7A1,,,ITGB1,ITGA1,,
COL8A1,,,ITGB1,ITGA1,,
COL8A2,,,ITGB1,ITGA1,,
COL9A1,,,ITGB1,ITGA1,,
COL9A2,,,ITGB1,ITGA1,,
COL9A3,,,ITGB1,ITGA1,,
IL15,,,IL15RA,IL2RB,IL2RG,
IL36A,,,IL1RL2,IL1RAP,,
IL36B,,,IL1RL2,IL1RAP,,
IL36G,,,IL1RL2,IL1RAP,,
GDF9,,,TGFBR1,BMPR2,,
GDF2,,,ACVRL1,ACVR2B,,
TGFB2,,,TGFBR1,ACVR1,,
TGFB3,,,TGFBR1,ACVR1,,
HLA-C,,,CD160,,,
HLA-G,,,CD160,,,
IL16,,,CD9,,,
CEACAM1,,,CEACAM1,,,
CD44,,,CSPG4,,,
CCL26,,,CX3CR1,,,
PSG7,,,DCC,,,
PSG7,,,DSCAM,,,
PSG9,,,DSCAM,,,
HAVCR1,,,HAVCR1,,,
CEACAM1,,,HAVCR2,,,
LEP,,,ISLR2,,,
DCN,,,KDR,,,
BSG,,,KDR,,,
PVR,,,KIR2DL5B,,,
HLA-A,,,KIR2DS2,,,
HLA-C,,,KIR2DS2,,,
HLA-A,,,KIR2DS4,,,
HLA-DRB1,,,LAG3,,,
LGALS1,,,LGALS1,,,
FGFR1,,,NRP1,,,
IL1RAP,,,PTPRD,,,
IL1RAP,,,PTPRS,,,
WNT3A,,,ROR2,,,
TGFB1,,,SCD2,,,
DEFB4B,,,TLR4,,,
ADAM28,,,ITGB1,,,
ADAM8,,,ITGA9,,,
ADAM8,,,ITGB1,,,
ADORA2A,,,ADORA2B,,,
AFDN,,,PVR,,,
AGRN,,,ITGA9,,,
AGT,,,ADRB2,,,
AGT,,,CCR3,,,
AGT,,,CCR5,,,
AGT,,,CFTR,,,
AGT,,,CHRM1,,,
AGT,,,CXCR4,,,
AGT,,,FPR1,,,
AGT,,,HTR2C,,,
AGT,,,P2RY2,,,
AGT,,,PTGER1,,,
AHSG,,,BMPR2,,,
ANXA2,,,DYSF,,,
APOA2,,,APP,,,
APOA2,,,GPC1,,,
APOA2,,,GPC4,,,
APOA2,,,GPC5,,,
APOA2,,,SDC1,,,
APOA2,,,SDC2,,,
APOA2,,,SDC3,,,
APOA2,,,SDC4,,,
APOA4,,,GPC4,,,
APOB,,,GPC4,,,
APOC2,,,GPC4,,,
APOC3,,,GPC4,,,
APOE,,,APP,,,
APOE,,,GPC1,,,
APOE,,,GPC2,,,
APOE,,,GPC4,,,
APOE,,,GPC5,,,
APOE,,,SDC1,,,
APOE,,,SDC3,,,
APOE,,,SDC4,,,
APOL1,,,APP,,,
AREG,,,ERBB2,,,
ARF1,,,CD74,,,
BMP2,,,BAMBI,,,
BMP7,,,BAMBI,,,
BSG,,,SLC16A1,,,
BSG,,,SLC16A7,,,
C2,,,CR1,,,
CALML5,,,CAV1,,,
CALR,,,CANX,,,
CALR,,,HLA-B,,,
CALR,,,STX4,,,
CCL11,,,AGTR2,,,
CCL11,,,CXCR4,,,
CCL4,,,AGTR2,,,
CCL4,,,CXCR4,,,
CCN4,,,ITGB1,,,
CD14,,,ITGAM,,,
CD160,,,HLA-F,,,
CD177,,,PROCR,,,
CD28,,,CTLA4,,,
CD28,,,ITGA9,,,
CD28,,,ITGAM,,,
CD28,,,ITGAX,,,
CD28,,,ITGB1,,,
CD28,,,ITGB2,,,
CD44,,,CD74,,,
CD80,,,ITGA9,,,
CD80,,,ITGAM,,,
CD80,,,ITGAX,,,
CD80,,,ITGB1,,,
CD80,,,ITGB2,,,
CD8B,,,HLA-F,,,
CEACAM8,,,CEACAM1,,,
CER1,,,BMPR2,,,
CFB,,,CR1,,,
CFI,,,CR1,,,
CHRD,,,BMPR2,,,
CHRDL1,,,BMPR2,,,
COL11A2,,,ITGB1,,,
COL1A1,,,ITGB3,,,
COL4A2,,,ITGB1,,,
COL6A5,,,ITGB1,,,
COL6A6,,,ITGB1,,,
CTLA4,,,CD28,,,
CTLA4,,,CD80,,,
CTLA4,,,CD86,,,
CTLA4,,,ITGA1,,,
CTLA4,,,ITGA10,,,
CTLA4,,,ITGA11,,,
CTLA4,,,ITGA2,,,
CTLA4,,,ITGA3,,,
CTLA4,,,ITGA4,,,
CTLA4,,,ITGA5,,,
CTLA4,,,ITGA8,,,
CTLA4,,,ITGA9,,,
CTLA4,,,ITGAD,,,
CTLA4,,,ITGAE,,,
CTLA4,,,ITGAL,,,
CTLA4,,,ITGAM,,,
CTLA4,,,ITGAV,,,
CTLA4,,,ITGAX,,,
CTLA4,,,ITGB1,,,
CTLA4,,,ITGB2,,,
CTLA4,,,ITGB3,,,
CTLA4,,,ITGB4,,,
CTLA4,,,ITGB5,,,
CTLA4,,,ITGB6,,,
CTLA4,,,ITGB7,,,
CTLA4,,,ITGB8,,,
CXCL12,,,AGTR2,,,
DCN,,,ERBB2,,,
DCN,,,ERBB3,,,
EDN1,,,ADRB2,,,
EDN1,,,AGTR2,,,
EDN1,,,CCR3,,,
EDN1,,,CCR5,,,
EDN1,,,CFTR,,,
EDN1,,,CHRM1,,,
EDN1,,,CXCR4,,,
EDN1,,,FPR1,,,
EDN1,,,HTR2C,,,
EDN1,,,P2RY2,,,
EDN1,,,PTGER1,,,
ENTPD5,,,NT5E,,,
F2,,,ADRB2,,,
F2,,,AGTR2,,,
F2,,,CCR3,,,
F2,,,CCR5,,,
F2,,,CFTR,,,
F2,,,CHRM1,,,
F2,,,CXCR4,,,
F2,,,FPR1,,,
F2,,,HTR2C,,,
F2,,,P2RY2,,,
F2,,,PTGER1,,,
FARP2,,,NRP1,,,
FGB,,,ITGAX,,,
FGF19,,,SDC1,,,
FGF19,,,SDC2,,,
FGF19,,,SDC3,,,
FGF2,,,FLRT1,,,
FGF2,,,FLRT2,,,
FGF2,,,GPC1,,,
FGF23,,,FGFRL1,,,
FGF23,,,FLRT1,,,
FGF23,,,FLRT2,,,
FGF23,,,SDC1,,,
FGF23,,,SDC2,,,
FGF23,,,SDC3,,,
FGG,,,ITGAD,,,
FGG,,,ITGAM,,,
FGG,,,ITGAX,,,
FGG,,,KIAA1549,,,
FGG,,,LY96,,,
FGG,,,PLAUR,,,
FN1,,,EGFR,,,
FN1,,,KIAA1549,,,
FZD8,,,ATP6AP2,,,
FZD8,,,LRP6,,,
GDF1,,,BMPR2,,,
GNAI2,,,APLNR,,,
GNAI2,,,CX3CR1,,,
GNAI2,,,CXCR4,,,
GNAI2,,,FPR2,,,
GNAS,,,ADORA2B,,,
GNAS,,,AGTR2,,,
GNAS,,,CALCRL,,,
GNAS,,,CXCR4,,,
GPC3,,,PTCH1,,,
GPC6,,,GPC4,,,
GREM1,,,BMPR2,,,
HBB,,,CD163,,,
HLA-A,,,CANX,,,
HLA-A,,,CD247,,,
HLA-A,,,CD3E,,,
HLA-A,,,GYPC,,,
HLA-A,,,HLA-B,,,
HLA-A,,,KIR2DL4,,,
HLA-A,,,KLRC1,,,
HLA-A,,,KLRC2,,,
HLA-A,,,KLRC4,,,
HLA-A,,,KLRD1,,,
HLA-A,,,LILRA2,,,
HLA-A,,,LILRA4,,,
HLA-A,,,LILRA5,,,
HLA-A,,,LILRA6,,,
HLA-A,,,LILRB3,,,
HLA-A,,,LILRB5,,,
HLA-C,,,CANX,,,
HLA-C,,,CD3E,,,
HLA-C,,,DDR1,,,
HLA-C,,,HLA-B,,,
HLA-C,,,KIR2DL4,,,
HLA-C,,,LILRA2,,,
HLA-C,,,LILRA3,,,
HLA-C,,,LILRA4,,,
HLA-C,,,LILRA5,,,
HLA-C,,,LILRA6,,,
HLA-C,,,LILRB3,,,
HLA-C,,,LILRB5,,,
HLA-C,,,SLC9C2,,,
HLA-C,,,TYROBP,,,
HLA-F,,,CANX,,,
HLA-F,,,CD3D,,,
HLA-F,,,CD3E,,,
HLA-F,,,CD3G,,,
HLA-F,,,KIR2DL1,,,
HLA-F,,,KIR2DL3,,,
HLA-F,,,KIR2DL4,,,
HLA-F,,,LILRA1,,,
HLA-F,,,LILRA2,,,
HLA-F,,,LILRA4,,,
HLA-F,,,LILRA5,,,
HLA-F,,,LILRA6,,,
HLA-F,,,LILRB3,,,
HLA-F,,,LILRB5,,,
HLA-G,,,CANX,,,
HLA-G,,,CD3D,,,
HLA-G,,,CD3E,,,
HLA-G,,,CD3G,,,
HLA-G,,,HLA-F,,,
HLA-G,,,KIR2DL1,,,
HLA-G,,,KIR2DL3,,,
HLA-G,,,LILRA1,,,
HLA-G,,,LILRA2,,,
HLA-G,,,LILRA4,,,
HLA-G,,,LILRA5,,,
HLA-G,,,LILRA6,,,
HLA-G,,,LILRB3,,,
HLA-G,,,LILRB5,,,
HMGB1,,,ITGAM,,,
HSP90AA1,,,KDR,,,
HSP90AA1,,,PGR,,,
HSPG2,,,KDR,,,
IGF1,,,ITGAV,,,
IGF1,,,ITGB3,,,
IGSF5,,,JAM3,,,
IL10,,,SIRPG,,,
IL2,,,GYPE,,,
IL27,,,CANX,,,
IL27,,,CRLF1,,,
IL27,,,IL6ST,,,
INHA,,,ACVR1B,,,
INHBE,,,ACVR1B,,,
INHBE,,,ENG,,,
JAM2,,,ITGAM,,,
JAM2,,,ITGB1,,,
JAM2,,,ITGB2,,,
KIR3DL1,,,KLRC1,,,
KIR3DL1,,,KLRD1,,,
KIR3DL2,,,KLRC1,,,
KIR3DL2,,,KLRD1,,,
L1CAM,,,ITGA9,,,
L1CAM,,,ITGB1,,,
L1CAM,,,NRP1,,,
LAMA3,,,CD151,,,
LCN2,,,CTLA4,,,
LILRB4,,,HLA-F,,,
LUM,,,ITGA2,,,
MMP2,,,CD44,,,
MMP2,,,ITGAM,,,
MMP2,,,ITGB2,,,
MMP7,,,CDH6,,,
NCAM1,,,FGFR4,,,
NCAM1,,,GFRA2,,,
NCAM1,,,GFRA4,,,
NOG,,,BMPR2,,,
NRG2,,,EGFR,,,
NRG3,,,EGFR,,,
PFN1,,,ROBO1,,,
PGF,,,KDR,,,
PLAT,,,CD4,,,
PRL,,,ERBB4,,,
PTPRC,,,CXCR4,,,
PVR,,,ITGAV,,,
PVR,,,ITGB3,,,
REN,,,ASIC3,,,
S100A9,,,LY96,,,
SERPINE1,,,ITGB3,,,
SFTPA1,,,TLR4,,,
SLIT2,,,CXCR4,,,
SOSTDC1,,,BMPR2,,,
TFF1,,,EGFR,,,
TFF2,,,EGFR,,,
TFF3,,,EGFR,,,
TGFB3,,,CAV1,,,
TGFB3,,,GPC1,,,
TGFB3,,,ITGAV,,,
TGFB3,,,ITGB8,,,
TGFB3,,,OCLN,,,
TNC,,,ITGAX,,,
TNC,,,NT5E,,,
TNF,,,CLEC3B,,,
TNF,,,SLC5A11,,,
TNF,,,SMPD2,,,
TNS3,,,MET,,,
TRIL,,,TLR4,,,
VEGFA,,,CDH5,,,
VEGFA,,,FLT4,,,
VEGFA,,,ITGA3,,,
WNT3,,,FZD10,,,
WNT3,,,FZD2,,,
WNT3,,,FZD3,,,
WNT3,,,FZD4,,,
WNT3,,,FZD6,,,
WNT3,,,FZD9,,,
WNT3,,,LRP5,,,
WNT3A,,,CAV1,,,
WNT3A,,,FZD4,,,
WNT3A,,,FZD9,,,
WNT3A,,,ZNRF3,,,
WNT7A,,,FZD2,,,
WNT7A,,,FZD3,,,
WNT7A,,,FZD4,,,
WNT7A,,,FZD6,,,
WNT7A,,,FZD7,,,
WNT7A,,,FZD8,,,
WNT8A,,,LRP6,,,
WNT8B,,,LRP6,,,
CCN2,,,FGFR2,,,
CCN2,,,IGF2R,,,
HAVCR1,,,CD300LB,,,
ITGAL,,,ICAM1,,,
ITGAM,,,ICAM1,,,
ITGB1,,,VCAM1,,,
ITGA4,,,VCAM1,,,
ITGA9,,,VCAM1,,,
JAM3,,,ITGAM,,,
F11R,,,ITGB2,,,
L1CAM,,,NCAM1,,,
COL1A1,,,ITGA3,,,
COL1A1,,,ITGA9,,,
LAMC3,,,ITGA9,,,
COL1A1,,,ITGA10,,,
COL1A1,,,ITGB8,,,
HEBP1,,,FPR2,,,
IGF1,,,TRPV2,,,
PPY,,,NPFFR2,,,
NPFF,,,MAS1,,,
CTGF,,,ITGAM,,,
CTGF,,,ITGB2,,,
CTGF,,,LRP6,,,
CYR61,,,ITGAM,,,
CYR61,,,ITGB2,,,
DUSP18,,,CD151,,,
DUSP18,,,ITGB1,,,
NOV,,,NOTCH1,,,
RSPO2,,,JMJD6,,,
VEGFD,,,NRP1,,,
CTGF,,,EGFR,,,
PDGFB,,,NRP1,,,
WNT3,,,TRAF2,,,
TNF,,,DAG1,,,
TNF,,,NEO1,,,
CALR,,,NTRK1,,,
EFNB2,,,LRP6,,,
ARF1,,,FAS,,,
APOB,,,EGFR,,,
APOB,,,MET,,,
CALR,,,FAS,,,
UTS2,,,FAS,,,
LAMB1,,,FAS,,,
ARF1,,,MYLK,,,
GSTP1,,,MYLK,,,
GSTP1,,,FAS,,,
CALR,,,LRP5,,,
CALR,,,HMMR,,,
CALR,,,CD44,,,
F2,,,LRP1,,,
WNT4,,,LRP6,,,
WNT11,,,LRP6,,,
WNT1,,,NOTCH1,,,
ADAM17,,,IL1R2,,,
WNT7A,,,LRP5,,,
IL10,,,IFNAR2,,,
ANGPT2,,,ITGA5,,,
APP,,,KDR,,,
SERPINA1,,,SDC2,,,
HSP90B1,,,TNFRSF1B,,,
CALM1,,,TNFRSF1B,,,
GZMB,,,NOTCH1,,,
TGFB3,,,SDC4,,,
FN1,,,ITGB5,,,
FN1,,,MTNR1A,,,
TNF,,,PTPRZ1,,,
CTSG,,,CXCR4,,,
CALM1,,,TNFRSF1A,,,
VEGFA,,,PTPRB,,,
A2M,,,TNFRSF14,,,
VEGFA,,,PTPRZ1,,,
F2,,,GP5,,,
CORT,,,FPR2,,,
CORT,,,APLNR,,,
CORT,,,AGTR2,,,
CORT,,,CXCR4,,,
CCL21,,,FPR2,,,
CCL21,,,APLNR,,,
CCL21,,,AGTR2,,,
CCL21,,,CXCR4,,,
NTN3,,,ACVR1B,,,
NTN3,,,NOTCH1,,,
WNT7A,,,ROR2,,,
CXCL11,,,FPR2,,,
CXCL11,,,APLNR,,,
CXCL11,,,AGTR2,,,
CXCL11,,,CXCR4,,,
TNFSF11,,,TRAF2,,,
NPFF,,,FPR2,,,
NPFF,,,AGTR1,,,
CCL25,,,FPR2,,,
CCL25,,,APLNR,,,
CCL25,,,AGTR2,,,
CCL25,,,CXCR4,,,
HCRT,,,FPR2,,,
HCRT,,,AGTR1,,,
CXCL13,,,FPR2,,,
CXCL13,,,APLNR,,,
CXCL13,,,AGTR2,,,
CXCL13,,,CXCR4,,,
UTS2,,,NTSR2,,,
UTS2,,,TACR2,,,
UTS2,,,EDNRB,,,
UTS2,,,FPR2,,,
UTS2,,,EDNRA,,,
UTS2,,,TACR1,,,
UTS2,,,F2R,,,
UTS2,,,HTR2A,,,
UTS2,,,HTR2C,,,
UTS2,,,NMBR,,,
UTS2,,,TACR3,,,
UTS2,,,BDKRB2,,,
UTS2,,,GRPR,,,
UTS2,,,AGTR1,,,
UTS2,,,OXTR,,,
UTS2,,,GNRHR,,,
UTS2,,,NTSR1,,,
UTS2,,,CCKAR,,,
UTS2,,,CCKBR,,,
UTS2,,,TRHR,,,
UTS2,,,HRH1,,,
UTS2,,,AVPR1A,,,
UTS2,,,HTR2B,,,
UTS2,,,XCR1,,,
UTS2,,,BDKRB1,,,
UTS2,,,GCGR,,,
UTS2,,,AVPR1B,,,
UTS2,,,F2RL1,,,
UTS2,,,NPSR1,,,
UTS2,,,PROKR2,,,
UTS2,,,PROKR1,,,
UTS2,,,LPAR1,,,
UTS2,,,GHSR,,,
UTS2,,,KISS1R,,,
UTS2,,,QRFPR,,,
UTS2,,,F2RL3,,,
UTS2,,,LPAR4,,,
UTS2,,,MCHR1,,,
UTS2,,,NMUR2,,,
UTS2,,,NPFFR1,,,
UTS2,,,NMUR1,,,
UTS2,,,LPAR2,,,
UTS2,,,NPFFR2,,,
NTN1,,,ITGB4,,,
NTN1,,,ITGA6,,,
NTN1,,,ACVR1B,,,
NTN1,,,TGFBR1,,,
NTN1,,,NOTCH1,,,
NTN1,,,NOTCH2,,,
NTN1,,,PTCH1,,,
NTN1,,,ACVR1C,,,
NTN1,,,ROBO2,,,
NTN1,,,NOTCH3,,,
NTN1,,,PTCH2,,,
F2,,,TACR2,,,
F2,,,EDNRB,,,
F2,,,FPR2,,,
F2,,,EDNRA,,,
F2,,,TACR1,,,
F2,,,HTR2A,,,
F2,,,NMBR,,,
F2,,,TACR3,,,
F2,,,BDKRB2,,,
F2,,,GRPR,,,
F2,,,AGTR1,,,
F2,,,GNRHR,,,
F2,,,NTSR1,,,
F2,,,CCKAR,,,
F2,,,CCKBR,,,
F2,,,TRHR,,,
F2,,,HRH1,,,
F2,,,AVPR1A,,,
F2,,,HTR2B,,,
F2,,,XCR1,,,
F2,,,BDKRB1,,,
F2,,,GCGR,,,
F2,,,AVPR1B,,,
F2,,,NPSR1,,,
F2,,,PROKR2,,,
F2,,,PROKR1,,,
F2,,,LPAR1,,,
F2,,,GHSR,,,
F2,,,KISS1R,,,
F2,,,QRFPR,,,
F2,,,LPAR4,,,
F2,,,MCHR1,,,
F2,,,NMUR2,,,
F2,,,NPFFR1,,,
F2,,,NMUR1,,,
F2,,,LPAR2,,,
F2,,,UTS2R,,,
F2,,,PROCR,,,
F2,,,NPFFR2,,,
PLG,,,MET,,,
AGT,,,HTR1A,,,
AGT,,,TACR2,,,
AGT,,,C5AR1,,,
AGT,,,CXCR1,,,
AGT,,,CXCR2,,,
AGT,,,FPR2,,,
AGT,,,EDNRA,,,
AGT,,,TACR1,,,
AGT,,,ACKR3,,,
AGT,,,F2R,,,
AGT,,,NPY1R,,,
AGT,,,HTR1D,,,
AGT,,,HTR1B,,,
AGT,,,HTR2A,,,
AGT,,,NMBR,,,
AGT,,,TACR3,,,
AGT,,,BDKRB2,,,
AGT,,,GRPR,,,
AGT,,,OXTR,,,
AGT,,,SSTR1,,,
AGT,,,SSTR2,,,
AGT,,,HTR1F,,,
AGT,,,GNRHR,,,
AGT,,,NTSR1,,,
AGT,,,SSTR4,,,
AGT,,,CCKAR,,,
AGT,,,CCKBR,,,
AGT,,,CCR1,,,
AGT,,,CCR7,,,
AGT,,,CXCR5,,,
AGT,,,SSTR3,,,
AGT,,,TRHR,,,
AGT,,,SSTR5,,,
AGT,,,HRH1,,,
AGT,,,OPRM1,,,
AGT,,,APLNR,,,
AGT,,,AVPR1A,,,
AGT,,,OPRD1,,,
AGT,,,OPRK1,,,
AGT,,,OPRL1,,,
AGT,,,HTR2B,,,
AGT,,,CCR2,,,
AGT,,,CCR10,,,
AGT,,,XCR1,,,
AGT,,,BDKRB1,,,
AGT,,,GALR1,,,
AGT,,,GCGR,,,
AGT,,,HTR5A,,,
AGT,,,AVPR1B,,,
AGT,,,NPBWR1,,,
AGT,,,NPY2R,,,
AGT,,,MTNR1B,,,
AGT,,,CXCR3,,,
AGT,,,NPY4R,,,
AGT,,,CCR4,,,
AGT,,,CCR6,,,
AGT,,,CCR8,,,
AGT,,,CCR9,,,
AGT,,,F2RL1,,,
AGT,,,GRM4,,,
AGT,,,P2RY14,,,
AGT,,,NPY5R,,,
AGT,,,C3AR1,,,
AGT,,,NPSR1,,,
AGT,,,PROKR2,,,
AGT,,,PROKR1,,,
AGT,,,RXFP4,,,
AGT,,,LPAR1,,,
AGT,,,GHSR,,,
AGT,,,KISS1R,,,
AGT,,,QRFPR,,,
AGT,,,F2RL3,,,
AGT,,,LPAR4,,,
AGT,,,MCHR1,,,
AGT,,,NMUR2,,,
AGT,,,NPFFR1,,,
AGT,,,HRH4,,,
AGT,,,NMUR1,,,
AGT,,,LPAR2,,,
AGT,,,RXFP3,,,
AGT,,,UTS2R,,,
AGT,,,HRH3,,,
AGT,,,NPFFR2,,,
AGT,,,PTGDR2,,,
A2M,,,TYRO3,,,
C3,,,HTR1A,,,
C3,,,FPR1,,,
C3,,,C5AR1,,,
C3,,,CXCR1,,,
C3,,,CXCR2,,,
C3,,,FPR2,,,
C3,,,ACKR3,,,
C3,,,NPY1R,,,
C3,,,HTR1D,,,
C3,,,HTR1B,,,
C3,,,BDKRB2,,,
C3,,,SSTR1,,,
C3,,,SSTR2,,,
C3,,,HTR1F,,,
C3,,,SSTR4,,,
C3,,,CCR1,,,
C3,,,CCR7,,,
C3,,,CXCR5,,,
C3,,,SSTR3,,,
C3,,,SSTR5,,,
C3,,,OPRM1,,,
C3,,,APLNR,,,
C3,,,OPRD1,,,
C3,,,OPRK1,,,
C3,,,OPRL1,,,
C3,,,CCR2,,,
C3,,,CCR10,,,
C3,,,BDKRB1,,,
C3,,,GALR1,,,
C3,,,HTR5A,,,
C3,,,NPBWR1,,,
C3,,,NPY2R,,,
C3,,,MTNR1B,,,
C3,,,CXCR3,,,
C3,,,AGTR2,,,
C3,,,NPY4R,,,
C3,,,CCR3,,,
C3,,,CCR4,,,
C3,,,CCR5,,,
C3,,,CCR6,,,
C3,,,CCR8,,,
C3,,,CCR9,,,
C3,,,CXCR4,,,
C3,,,GRM4,,,
C3,,,P2RY14,,,
C3,,,NPY5R,,,
C3,,,RXFP4,,,
C3,,,LPAR1,,,
C3,,,MCHR1,,,
C3,,,NMUR2,,,
C3,,,HRH4,,,
C3,,,NMUR1,,,
C3,,,LPAR2,,,
C3,,,RXFP3,,,
C3,,,HRH3,,,
C3,,,PTGDR2,,,
C5,,,HTR1A,,,
C5,,,FPR1,,,
C5,,,CXCR1,,,
C5,,,CXCR2,,,
C5,,,FPR2,,,
C5,,,ACKR3,,,
C5,,,NPY1R,,,
C5,,,HTR1D,,,
C5,,,HTR1B,,,
C5,,,BDKRB2,,,
C5,,,SSTR1,,,
C5,,,SSTR2,,,
C5,,,HTR1F,,,
C5,,,SSTR4,,,
C5,,,CCR1,,,
C5,,,CCR7,,,
C5,,,CXCR5,,,
C5,,,SSTR3,,,
C5,,,SSTR5,,,
C5,,,OPRM1,,,
C5,,,APLNR,,,
C5,,,OPRD1,,,
C5,,,OPRK1,,,
C5,,,OPRL1,,,
C5,,,CCR2,,,
C5,,,CCR10,,,
C5,,,BDKRB1,,,
C5,,,GALR1,,,
C5,,,HTR5A,,,
C5,,,NPBWR1,,,
C5,,,NPY2R,,,
C5,,,MTNR1B,,,
C5,,,CXCR3,,,
C5,,,AGTR2,,,
C5,,,NPY4R,,,
C5,,,CCR3,,,
C5,,,CCR4,,,
C5,,,CCR5,,,
C5,,,CCR6,,,
C5,,,CCR8,,,
C5,,,CCR9,,,
C5,,,CXCR4,,,
C5,,,GRM4,,,
C5,,,P2RY14,,,
C5,,,NPY5R,,,
C5,,,C3AR1,,,
C5,,,RXFP4,,,
C5,,,LPAR1,,,
C5,,,MCHR1,,,
C5,,,NMUR2,,,
C5,,,HRH4,,,
C5,,,NMUR1,,,
C5,,,LPAR2,,,
C5,,,RXFP3,,,
C5,,,HRH3,,,
C5,,,PTGDR2,,,
KNG1,,,FPR2,,,
KNG1,,,AGTR1,,,
KNG1,,,APLNR,,,
KNG1,,,AGTR2,,,
KNG1,,,CXCR4,,,
KNG1,,,NPFFR2,,,
TGFB1,,,BAMBI,,,
GNRH1,,,FPR2,,,
GNRH1,,,AGTR1,,,
GNRH1,,,NPFFR2,,,
OXT,,,FPR2,,,
OXT,,,AGTR1,,,
OXT,,,NPFFR2,,,
AVP,,,FPR2,,,
AVP,,,AGTR1,,,
AVP,,,CALCRL,,,
AVP,,,NPFFR2,,,
POMC,,,FPR2,,,
POMC,,,APLNR,,,
POMC,,,AGTR2,,,
POMC,,,CXCR4,,,
POMC,,,CALCRL,,,
PENK,,,FPR2,,,
PENK,,,APLNR,,,
PENK,,,AGTR2,,,
PENK,,,CXCR4,,,
PDYN,,,FPR2,,,
PDYN,,,APLNR,,,
PDYN,,,AGTR2,,,
PDYN,,,CXCR4,,,
CGA,,,CALCRL,,,
TSHB,,,CALCRL,,,
FSHB,,,CALCRL,,,
LHB,,,CALCRL,,,
PTH,,,CALCRL,,,
GCG,,,FPR2,,,
GCG,,,AGTR1,,,
GCG,,,CALCRL,,,
GCG,,,NPFFR2,,,
VIP,,,CALCRL,,,
GHRH,,,CALCRL,,,
PPY,,,FPR2,,,
PPY,,,APLNR,,,
PPY,,,AGTR2,,,
PPY,,,CXCR4,,,
NPY,,,FPR2,,,
NPY,,,APLNR,,,
NPY,,,AGTR2,,,
NPY,,,CXCR4,,,
GAST,,,FPR2,,,
GAST,,,AGTR1,,,
GAST,,,NPFFR2,,,
APOE,,,TYRO3,,,
FN1,,,TFRC,,,
FN1,,,RPSA,,,
FN1,,,IGF2R,,,
FN1,,,DDR1,,,
PPBP,,,FPR2,,,
PPBP,,,APLNR,,,
PPBP,,,AGTR2,,,
PPBP,,,CXCR4,,,
PF4,,,FPR2,,,
PF4,,,APLNR,,,
PF4,,,AGTR2,,,
PF4,,,CXCR4,,,
CXCL10,,,FPR2,,,
CXCL10,,,APLNR,,,
CXCL10,,,AGTR2,,,
CXCL10,,,CXCR4,,,
ANXA1,,,AGTR1,,,
ANXA1,,,APLNR,,,
ANXA1,,,AGTR2,,,
ANXA1,,,CXCR4,,,
ANXA1,,,NPFFR2,,,
RLN2,,,CALCRL,,,
HLA-A,,,ERBB3,,,
HLA-A,,,BMPR1A,,,
HLA-A,,,PTCH1,,,
HLA-A,,,IL20RB,,,
APP,,,IGF1R,,,
APP,,,AGTR1,,,
APP,,,APLNR,,,
APP,,,NOTCH1,,,
APP,,,AGTR2,,,
APP,,,CXCR4,,,
APP,,,TEK,,,
APP,,,NPFFR2,,,
IL5,,,IL3RA,,,
EDN1,,,TACR2,,,
EDN1,,,FPR2,,,
EDN1,,,TACR1,,,
EDN1,,,F2R,,,
EDN1,,,HTR2A,,,
EDN1,,,NMBR,,,
EDN1,,,TACR3,,,
EDN1,,,BDKRB2,,,
EDN1,,,GRPR,,,
EDN1,,,AGTR1,,,
EDN1,,,OXTR,,,
EDN1,,,GNRHR,,,
EDN1,,,NTSR1,,,
EDN1,,,CCKAR,,,
EDN1,,,CCKBR,,,
EDN1,,,TRHR,,,
EDN1,,,HRH1,,,
EDN1,,,AVPR1A,,,
EDN1,,,HTR2B,,,
EDN1,,,XCR1,,,
EDN1,,,BDKRB1,,,
EDN1,,,GCGR,,,
EDN1,,,AVPR1B,,,
EDN1,,,F2RL1,,,
EDN1,,,NPSR1,,,
EDN1,,,PROKR2,,,
EDN1,,,PROKR1,,,
EDN1,,,LPAR1,,,
EDN1,,,GHSR,,,
EDN1,,,KISS1R,,,
EDN1,,,QRFPR,,,
EDN1,,,F2RL3,,,
EDN1,,,LPAR4,,,
EDN1,,,MCHR1,,,
EDN1,,,NMUR2,,,
EDN1,,,NPFFR1,,,
EDN1,,,NMUR1,,,
EDN1,,,LPAR2,,,
EDN1,,,UTS2R,,,
EDN1,,,NPFFR2,,,
CCK,,,FPR2,,,
CCK,,,AGTR1,,,
CCK,,,NPFFR2,,,
CRH,,,CALCRL,,,
GRP,,,FPR2,,,
GRP,,,AGTR1,,,
GRP,,,NPFFR2,,,
NMB,,,FPR2,,,
NMB,,,AGTR1,,,
NMB,,,NPFFR2,,,
GIP,,,CALCRL,,,
SCT,,,CALCRL,,,
NPS,,,FPR2,,,
NPS,,,AGTR1,,,
NPS,,,CALCRL,,,
NPS,,,NPFFR2,,,
SAA1,,,AGTR1,,,
SAA1,,,APLNR,,,
SAA1,,,AGTR2,,,
SAA1,,,CXCR4,,,
SAA1,,,NPFFR2,,,
PYY,,,FPR2,,,
PYY,,,APLNR,,,
PYY,,,AGTR2,,,
PYY,,,CXCR4,,,
PTHLH,,,CALCRL,,,
BMP2,,,FGFR2,,,
BMP2,,,FGFR4,,,
BMP2,,,FGFR3,,,
BMP2,,,NEO1,,,
CCL5,,,FPR2,,,
CCL5,,,APLNR,,,
CCL5,,,AGTR2,,,
CCL5,,,CXCR4,,,
EDN3,,,FPR2,,,
EDN3,,,AGTR1,,,
EDN3,,,NPFFR2,,,
NID1,,,NOTCH1,,,
PVR,,,TNFRSF12A,,,
VEGFA,,,PDGFRA,,,
VEGFA,,,AXL,,,
ADCYAP1,,,CALCRL,,,
CXCL2,,,FPR2,,,
CXCL2,,,APLNR,,,
CXCL2,,,AGTR2,,,
CXCL2,,,CXCR4,,,
CXCL3,,,FPR2,,,
CXCL3,,,APLNR,,,
CXCL3,,,AGTR2,,,
CXCL3,,,CXCR4,,,
TAC1,,,FPR2,,,
TAC1,,,AGTR1,,,
TAC1,,,NPFFR2,,,
PMCH,,,FPR2,,,
PMCH,,,AGTR1,,,
PMCH,,,APLNR,,,
PMCH,,,AGTR2,,,
PMCH,,,CXCR4,,,
PMCH,,,NPFFR2,,,
TRH,,,FPR2,,,
TRH,,,AGTR1,,,
TRH,,,NPFFR2,,,
EDN2,,,FPR2,,,
EDN2,,,AGTR1,,,
EDN2,,,NPFFR2,,,
IL10,,,IL22RA1,,,
GAL,,,FPR2,,,
GAL,,,APLNR,,,
GAL,,,AGTR2,,,
GAL,,,CXCR4,,,
CALR,,,NCSTN,,,
CALR,,,LGR4,,,
NTS,,,NPFFR2,,,
ADM,,,VIPR2,,,
ADM,,,MC3R,,,
ADM,,,GLP1R,,,
ADM,,,GCGR,,,
ADM,,,SCTR,,,
ADM,,,GIPR,,,
ADM,,,PTH2R,,,
ADM,,,HTR6,,,
ADM,,,MC2R,,,
ADM,,,MC1R,,,
ADM,,,GHRHR,,,
ADM,,,CRHR2,,,
ADM,,,HTR4,,,
ADM,,,NPSR1,,,
ADM,,,RXFP2,,,
ADM,,,RXFP1,,,
THBS2,,,LRP1,,,
CXCL5,,,AGTR2,,,
CXCL5,,,CXCR4,,,
XCL1,,,NPFFR2,,,
NMU,,,AGTR2,,,
NMU,,,CXCR4,,,
NMU,,,NPFFR2,,,
INSL3,,,CALCRL,,,
WNT3A,,,TRAF2,,,
PROK1,,,NPFFR2,,,
IL2,,,IL21R,,,
ADAM17,,,PTCH1,,,
CCL20,,,GRM4,,,
CCL20,,,P2RY14,,,
CCL20,,,NPY5R,,,
CCL20,,,C3AR1,,,
CCL20,,,RXFP4,,,
CCL20,,,LPAR1,,,
CCL20,,,MCHR1,,,
CCL20,,,NMUR2,,,
CCL20,,,HRH4,,,
CCL20,,,NMUR1,,,
CCL20,,,LPAR2,,,
CCL20,,,RXFP3,,,
CCL20,,,HRH3,,,
CCL20,,,PTGDR2,,,
QRFP,,,NPFFR2,,,
KISS1,,,NPSR1,,,
KISS1,,,PROKR2,,,
KISS1,,,PROKR1,,,
KISS1,,,LPAR1,,,
KISS1,,,GHSR,,,
KISS1,,,QRFPR,,,
KISS1,,,F2RL3,,,
KISS1,,,LPAR4,,,
KISS1,,,MCHR1,,,
KISS1,,,NMUR2,,,
KISS1,,,NPFFR1,,,
KISS1,,,NMUR1,,,
KISS1,,,LPAR2,,,
KISS1,,,UTS2R,,,
KISS1,,,NPFFR2,,,
NMS,,,NPFFR2,,,
UTS2B,,,NPFFR2,,,
ADM2,,,RXFP2,,,
ADM2,,,RXFP1,,,
CXCL16,,,HRH4,,,
CXCL16,,,NMUR1,,,
CXCL16,,,LPAR2,,,
CXCL16,,,RXFP3,,,
CXCL16,,,HRH3,,,
CXCL16,,,PTGDR2,,,
PROK2,,,NPFFR2,,,
XCL2,,,NPFFR2,,,
GHRL,,,NPFFR2,,,
TAC3,,,NPFFR2,,,
APLN,,,HRH3,,,
APLN,,,PTGDR2,,,
WNT3,,,LRP1,,,
VEGFC,,,NRP1,,,
CALR,,,EGFR,,,
TNF,,,NRP1,,,
NAMPT,,,NTRK1,,,
NAMPT,,,IGF1R,,,
EFNB1,,,EGFR,,,
INSL3,,,LEPR,,,
HEBP1,,,EGFR,,,
JAG2,,,LRP6,,,
EFNB1,,,LRP6,,,
LAMA1,,,FAS,,,
ANXA1,,,MET,,,
CALR,,,MYLK,,,
ANXA1,,,FAS,,,
CALR,,,IL7R,,,
MMP9,,,GNRHR,,,
CALR,,,CD40,,,
APP,,,EGFR,,,
CX3CL1,,,ITGB4,,,
PTGS2,,,EGFR,,,
HSP90B1,,,EGFR,,,
HSPG2,,,FLT1,,,
UTS2,,,F2RL2,,,
AGT,,,F2RL2,,,
EDN1,,,F2RL2,,,
KISS1,,,F2RL2,,,
AGT,,,CXCR6,,,
C3,,,CXCR6,,,
C5,,,CXCR6,,,
CCL20,,,CXCR6,,,
APLN,,,CXCR6,,,
SOST,,,NRP1,,,
AGT,,,GALR2,,,
C3,,,GALR2,,,
C5,,,GALR2,,,
CCL20,,,GALR2,,,
CXCL16,,,GALR2,,,
APLN,,,GALR2,,,
UTS2,,,HCRTR1,,,
F2,,,HCRTR1,,,
AGT,,,HCRTR1,,,
EDN1,,,HCRTR1,,,
KISS1,,,HCRTR1,,,
UTS2,,,HCRTR2,,,
F2,,,HCRTR2,,,
AGT,,,HCRTR2,,,
EDN1,,,HCRTR2,,,
KISS1,,,HCRTR2,,,
AGT,,,GALR3,,,
C3,,,GALR3,,,
C5,,,GALR3,,,
CCL20,,,GALR3,,,
CXCL16,,,GALR3,,,
APLN,,,GALR3,,,
TNF,,,PLXNA2,,,
AGT,,,ATP6AP2,,,
F2,,,NTSR2,,,
AGT,,,NTSR2,,,
EDN1,,,NTSR2,,,
KISS1,,,NTSR2,,,
ADM,,,GLP2R,,,
ADM2,,,GLP2R,,,
AVP,,,EGFR,,,
TF,,,EGFR,,,
HLA-A,,,EGFR,,,
WNT5A,,,EGFR,,,
COPA,,,EGFR,,,
YARS,,,EGFR,,,
ADAM17,,,NGFR,,,
MMP9,,,ITGA5,,,
CALR,,,ITGA5,,,
CCL20,,,HTR1A,,,
CXCL16,,,HTR1A,,,
APLN,,,HTR1A,,,
VEGFA,,,PDGFRB,,,
ADAM17,,,GHR,,,
BMP2,,,FGFR1,,,
COL18A1,,,FLT1,,,
ADAM17,,,TNFRSF1A,,,
ADAM17,,,TNFRSF1B,,,
KISS1,,,TACR2,,,
CCL20,,,FPR1,,,
CXCL16,,,FPR1,,,
APLN,,,FPR1,,,
CCL20,,,C5AR1,,,
CXCL16,,,C5AR1,,,
APLN,,,C5AR1,,,
ADM,,,LHCGR,,,
ADM2,,,LHCGR,,,
ADM,,,FSHR,,,
ADM2,,,FSHR,,,
KISS1,,,EDNRB,,,
ADM,,,HRH2,,,
ADM2,,,HRH2,,,
CCL20,,,CXCR1,,,
CXCL16,,,CXCR1,,,
APLN,,,CXCR1,,,
CCL20,,,CXCR2,,,
CXCL16,,,CXCR2,,,
APLN,,,CXCR2,,,
NTS,,,FPR2,,,
CXCL5,,,FPR2,,,
XCL1,,,FPR2,,,
CXCL12,,,FPR2,,,
NMU,,,FPR2,,,
PROK1,,,FPR2,,,
SST,,,FPR2,,,
CCL20,,,FPR2,,,
CXCL6,,,FPR2,,,
QRFP,,,FPR2,,,
CXCL9,,,FPR2,,,
PNOC,,,FPR2,,,
KISS1,,,FPR2,,,
NMS,,,FPR2,,,
UTS2B,,,FPR2,,,
NPW,,,FPR2,,,
NPB,,,FPR2,,,
RLN3,,,FPR2,,,
CCL19,,,FPR2,,,
CXCL16,,,FPR2,,,
PROK2,,,FPR2,,,
CCL28,,,FPR2,,,
XCL2,,,FPR2,,,
GHRL,,,FPR2,,,
TAC3,,,FPR2,,,
APLN,,,FPR2,,,
CCL27,,,FPR2,,,
INSL5,,,FPR2,,,
KISS1,,,EDNRA,,,
KISS1,,,TACR1,,,
CCL20,,,ACKR3,,,
CXCL16,,,ACKR3,,,
APLN,,,ACKR3,,,
KISS1,,,F2R,,,
CCL20,,,NPY1R,,,
CXCL16,,,NPY1R,,,
APLN,,,NPY1R,,,
CCL20,,,HTR1D,,,
CXCL16,,,HTR1D,,,
APLN,,,HTR1D,,,
CCL20,,,HTR1B,,,
CXCL16,,,HTR1B,,,
APLN,,,HTR1B,,,
KISS1,,,HTR2A,,,
KISS1,,,HTR2C,,,
KISS1,,,NMBR,,,
KISS1,,,TACR3,,,
CCL20,,,BDKRB2,,,
KISS1,,,BDKRB2,,,
CXCL16,,,BDKRB2,,,
APLN,,,BDKRB2,,,
ADM,,,AVPR2,,,
ADM2,,,AVPR2,,,
KISS1,,,GRPR,,,
NTS,,,AGTR1,,,
XCL1,,,AGTR1,,,
NMU,,,AGTR1,,,
PROK1,,,AGTR1,,,
QRFP,,,AGTR1,,,
KISS1,,,AGTR1,,,
NMS,,,AGTR1,,,
UTS2B,,,AGTR1,,,
PROK2,,,AGTR1,,,
XCL2,,,AGTR1,,,
GHRL,,,AGTR1,,,
TAC3,,,AGTR1,,,
KISS1,,,OXTR,,,
CCL20,,,SSTR1,,,
CXCL16,,,SSTR1,,,
APLN,,,SSTR1,,,
CCL20,,,SSTR2,,,
CXCL16,,,SSTR2,,,
APLN,,,SSTR2,,,
CCL20,,,HTR1F,,,
CXCL16,,,HTR1F,,,
APLN,,,HTR1F,,,
KISS1,,,GNRHR,,,
KISS1,,,NTSR1,,,
CCL20,,,SSTR4,,,
CXCL16,,,SSTR4,,,
APLN,,,SSTR4,,,
KISS1,,,CCKAR,,,
KISS1,,,CCKBR,,,
ADM,,,MC4R,,,
ADM2,,,MC4R,,,
CCL20,,,CCR1,,,
CXCL16,,,CCR1,,,
APLN,,,CCR1,,,
CCL20,,,CCR7,,,
CXCL16,,,CCR7,,,
APLN,,,CCR7,,,
CCL20,,,CXCR5,,,
CXCL16,,,CXCR5,,,
APLN,,,CXCR5,,,
CCL20,,,SSTR3,,,
CXCL16,,,SSTR3,,,
APLN,,,SSTR3,,,
ADM,,,MC5R,,,
ADM2,,,MC5R,,,
ADM,,,HTR7,,,
ADM2,,,HTR7,,,
KISS1,,,TRHR,,,
ADM,,,CRHR1,,,
ADM2,,,CRHR1,,,
CCL20,,,SSTR5,,,
CXCL16,,,SSTR5,,,
APLN,,,SSTR5,,,
KISS1,,,HRH1,,,
CCL20,,,OPRM1,,,
CXCL16,,,OPRM1,,,
APLN,,,OPRM1,,,
CXCL5,,,APLNR,,,
CXCL12,,,APLNR,,,
NMU,,,APLNR,,,
SST,,,APLNR,,,
CCL20,,,APLNR,,,
CXCL6,,,APLNR,,,
CXCL9,,,APLNR,,,
PNOC,,,APLNR,,,
NMS,,,APLNR,,,
NPW,,,APLNR,,,
NPB,,,APLNR,,,
RLN3,,,APLNR,,,
CCL19,,,APLNR,,,
CXCL16,,,APLNR,,,
CCL28,,,APLNR,,,
HEBP1,,,APLNR,,,
CCL27,,,APLNR,,,
INSL5,,,APLNR,,,
KISS1,,,AVPR1A,,,
CCL20,,,OPRD1,,,
CXCL16,,,OPRD1,,,
APLN,,,OPRD1,,,
CCL20,,,OPRK1,,,
CXCL16,,,OPRK1,,,
APLN,,,OPRK1,,,
CCL20,,,OPRL1,,,
CXCL16,,,OPRL1,,,
APLN,,,OPRL1,,,
ADM2,,,VIPR2,,,
KISS1,,,HTR2B,,,
CCL20,,,CCR2,,,
CXCL16,,,CCR2,,,
APLN,,,CCR2,,,
ADM2,,,MC3R,,,
ADM2,,,GLP1R,,,
CCL20,,,CCR10,,,
CXCL16,,,CCR10,,,
APLN,,,CCR10,,,
KISS1,,,XCR1,,,
COPA,,,NOTCH1,,,
CCL20,,,BDKRB1,,,
KISS1,,,BDKRB1,,,
CXCL16,,,BDKRB1,,,
APLN,,,BDKRB1,,,
CCL20,,,GALR1,,,
CXCL16,,,GALR1,,,
APLN,,,GALR1,,,
KISS1,,,GCGR,,,
ADM2,,,GCGR,,,
ADM2,,,SCTR,,,
CCL20,,,HTR5A,,,
CXCL16,,,HTR5A,,,
APLN,,,HTR5A,,,
KISS1,,,AVPR1B,,,
CCL20,,,NPBWR1,,,
CXCL16,,,NPBWR1,,,
APLN,,,NPBWR1,,,
ADM2,,,GIPR,,,
CCL20,,,NPY2R,,,
CXCL16,,,NPY2R,,,
APLN,,,NPY2R,,,
ADM2,,,PTH2R,,,
CCL20,,,MTNR1B,,,
CXCL16,,,MTNR1B,,,
APLN,,,MTNR1B,,,
CXCL16,,,CXCR3,,,
APLN,,,CXCR3,,,
SST,,,AGTR2,,,
CCL20,,,AGTR2,,,
CXCL6,,,AGTR2,,,
CXCL9,,,AGTR2,,,
PNOC,,,AGTR2,,,
NMS,,,AGTR2,,,
NPW,,,AGTR2,,,
NPB,,,AGTR2,,,
RLN3,,,AGTR2,,,
CCL19,,,AGTR2,,,
CXCL16,,,AGTR2,,,
CCL28,,,AGTR2,,,
HEBP1,,,AGTR2,,,
APLN,,,AGTR2,,,
CCL27,,,AGTR2,,,
INSL5,,,AGTR2,,,
CCL20,,,NPY4R,,,
CXCL16,,,NPY4R,,,
APLN,,,NPY4R,,,
ADM2,,,HTR6,,,
CCL20,,,CCR3,,,
CXCL16,,,CCR3,,,
APLN,,,CCR3,,,
CCL20,,,CCR4,,,
CXCL16,,,CCR4,,,
APLN,,,CCR4,,,
CCL20,,,CCR5,,,
CXCL16,,,CCR5,,,
APLN,,,CCR5,,,
APLN,,,CCR6,,,
CCL20,,,CCR8,,,
CXCL16,,,CCR8,,,
APLN,,,CCR8,,,
CCL20,,,CCR9,,,
CXCL16,,,CCR9,,,
APLN,,,CCR9,,,
KISS1,,,F2RL1,,,
SST,,,CXCR4,,,
CCL20,,,CXCR4,,,
CXCL6,,,CXCR4,,,
CXCL9,,,CXCR4,,,
PNOC,,,CXCR4,,,
NMS,,,CXCR4,,,
NPW,,,CXCR4,,,
NPB,,,CXCR4,,,
RLN3,,,CXCR4,,,
CCL19,,,CXCR4,,,
CXCL16,,,CXCR4,,,
CCL28,,,CXCR4,,,
HEBP1,,,CXCR4,,,
APLN,,,CXCR4,,,
CCL27,,,CXCR4,,,
INSL5,,,CXCR4,,,
ADM2,,,MC2R,,,
ADM2,,,MC1R,,,
ADM2,,,GHRHR,,,
ADM2,,,CRHR2,,,
ADM2,,,HTR4,,,
CXCL16,,,GRM4,,,
APLN,,,GRM4,,,
CXCL16,,,P2RY14,,,
APLN,,,P2RY14,,,
CXCL16,,,NPY5R,,,
APLN,,,NPY5R,,,
CXCL16,,,C3AR1,,,
APLN,,,C3AR1,,,
RLN3,,,CALCRL,,,
PTH2,,,CALCRL,,,
ADM2,,,NPSR1,,,
CXCL16,,,RXFP4,,,
APLN,,,RXFP4,,,
CXCL16,,,LPAR1,,,
APLN,,,LPAR1,,,
CXCL16,,,MCHR1,,,
APLN,,,MCHR1,,,
CXCL16,,,NMUR2,,,
APLN,,,NMUR2,,,
APLN,,,HRH4,,,
APLN,,,NMUR1,,,
APLN,,,LPAR2,,,
APLN,,,RXFP3,,,
GDNF,,,NCAM1,,,
CCL17,,,VCAM1,,,
BDNF,,,NCAM1,,,
GSTP1,,,VCAM1,,,
AREG,,,ICAM1,,,
ARF1,,,VCAM1,,,
CCL22,,,VCAM1,,,
ANGPT2,,,ITGB1,,,
THBS1,,,ITGAM,,,
CTSG,,,VCAM1,,,
PVR,,,NECTIN1,,,
AGRN,,,NCAM1,,,
PSPN,,,NCAM1,,,
COL1A1,,,MAG,,,
COL4A1,,,NCAM1,,,
APOE,,,VCAM1,,,
ANXA1,,,VCAM1,,,
APP,,,NCAM1,,,
FGF2,,,GLG1,,,
IL13,,,VCAM1,,,
CX3CL1,,,ITGB1,,,
CX3CL1,,,ITGB2,,,
MMP13,,,ITGAM,,,
PVR,,,CDH1,,,
RPS19,,,ICAM1,,,
HSP90B1,,,ITGB1,,,
MMP9,,,ITGB1,,,
VEGFB,,,ITGB1,,,
PSEN1,,,ITGB1,,,
LTB,,,ITGB1,,,
TNFSF13B,,,ITGB1,,,
IL10,,,CD28,,,
MMP9,,,CDH1,,,
MDK,,,NCAM1,,,
ARTN,,,NCAM1,,,
NRTN,,,NCAM1,,,
WNT3,,,CDH2,,,
WNT3A,,,CDH2,,,
RPS19,,,VCAM1,,,
COPA,,,VCAM1,,,
YARS,,,VCAM1,,,
PTPRC,,,MET,,,
CNTN2,,,EGFR,,,
PTPRC,,,LEPR,,,
NCAM1,,,NTRK1,,,
CDH1,,,LRP6,,,
ITGB1,,,CSF2RB,,,
ICAM1,,,CSF2RB,,,
ITGB1,,,ITGA5,,,
ITGB1,,,DAG1,,,
ITGB1,,,IGF1R,,,
ITGB1,,,ITGA3,,,
ITGB1,,,CD36,,,
ITGB1,,,PLAUR,,,
ITGB1,,,CD47,,,
ITGB1,,,FLT4,,,
ITGB1,,,ITGAV,,,
ITGB1,,,ITGA6,,,
ITGB1,,,CD151,,,
ITGB1,,,ITGA2,,,
ITGB1,,,ITGA1,,,
ITGB1,,,ITGA8,,,
ITGB1,,,ITGA11,,,
ITGB2,,,PLAUR,,,
ITGB2,,,ITGAX,,,
ITGB2,,,ITGAD,,,
ITGAM,,,PLAUR,,,
CDH5,,,KDR,,,
PTPRC,,,TEK,,,
ITGA4,,,CXCR4,,,
PECAM1,,,CXCR4,,,
ITGB2,,,PTCH1,,,
ITGB2,,,PTCH2,,,
ICAM1,,,EDA2R,,,
ITGB1,,,PDGFRB,,,
ITGB1,,,IGF2R,,,
ITGB1,,,SDC1,,,
ITGB1,,,ITGAX,,,
ITGB1,,,EPHA2,,,
ITGB1,,,PTCH1,,,
ITGB1,,,ITGA7,,,
ITGB1,,,NCSTN,,,
ITGB1,,,PTCH2,,,
CDH1,,,KDR,,,
PTPRC,,,EGFR,,,
NCAM1,,,EGFR,,,
VCAM1,,,FAS,,,
ICAM2,,,NRP1,,,
CD99,,,LRP6,,,
ALCAM,,,EGFR,,,
ITGB1,,,ITGA10,,,
CDH1,,,MET,,,
CDH3,,,IGF1R,,,
ITGB2,,,EGFR,,,
CDH5,,,EGFR,,,
ITGAM,,,GP1BA,,,
JAM3,,,ITGAX,,,
JAM3,,,F2RL2,,,
ITGB1,,,FZD6,,,
CDH2,,,LRP6,,,
CD274,,,CD4,,,
VCAM1,,,TFRC,,,
ITGB1,,,NTRK1,,,
ITGB1,,,ITGB3,,,
VCAM1,,,ITGA5,,,
VCAM1,,,RPSA,,,
VCAM1,,,IGF2R,,,
VCAM1,,,GP1BB,,,
CNTN2,,,NCAM1,,,
ITGB1,,,ITGA4,,,
ITGB1,,,ITGA9,,,
ITGB2,,,ITGAM,,,
ITGB2,,,ITGAL,,,
ITGB2,,,JAM3,,,
ITGAM,,,JAM3,,,
ITGAM,,,ICAM2,,,
ITGB7,,,ITGA9,,,
CLDN11,,,ITGB1,,,
ITGB2,,,F11R,,,
ITGB1,,,L1CAM,,,
ITGB1,,,JAM2,,,
ITGB1,,,JAM3,,,
NCAM1,,,CNTN2,,,
ITGA4,,,JAM3,,,
TNF,,,RACK1,,,
GPNMB,,,EGFR,,,
WNT3,,,DLG4,,,
BDNF,,,ESR1,,,
HMGB1,,,NTRK1,,,
GDF15,,,ERBB2,,,
IGF1,,,RACK1,,,
IL12B,,,VDR,,,
FBRS,,,GPC4,,,
IL25,,,ESR1,,,
WNT10B,,,LRP6,,,
WNT10A,,,LRP6,,,
WNT9A,,,LRP6,,,
KL,,,IGF1R,,,
LGALS3,,,FAS,,,
IL15,,,INPP5K,,,
NPPA,,,ESR1,,,
TTR,,,LRP2,,,
WNT3A,,,DLG4,,,
WNT3A,,,DLG1,,,
HMGB1,,,AR,,,
TTR,,,DDR1,,,
HMGB1,,,AGTRAP,,,
BMP2,,,RGMA,,,
BMP2,,,HFE2,,,
IL33,,,IL1RAP,,,
TTR,,,AGER,,,
TTR,,,NGFR,,,
TTR,,,INPP5K,,,
TTR,,,IL7R,,,
LGALS3,,,CD6,,,
IGF1,,,IGSF1,,,
MIF,,,TNFRSF14,,,
CORT,,,CNR1,,,
CORT,,,GPER1,,,
CCL21,,,CNR1,,,
CCL21,,,GPER1,,,
CXCL11,,,CNR1,,,
CXCL11,,,GPER1,,,
MSTN,,,ACVR1B,,,
MSTN,,,TGFBR1,,,
MSTN,,,ACVR1C,,,
NPFF,,,GPR4,,,
CCL25,,,CNR1,,,
CCL25,,,GPER1,,,
HCRT,,,GPR4,,,
CXCL13,,,CNR1,,,
CXCL13,,,GPER1,,,
GREM1,,,FLT1,,,
UTS2,,,CHRM5,,,
UTS2,,,CHRM1,,,
UTS2,,,CHRM3,,,
UTS2,,,TBXA2R,,,
UTS2,,,ADRA1D,,,
UTS2,,,PTAFR,,,
UTS2,,,PTGER1,,,
UTS2,,,ADRA1A,,,
UTS2,,,ADRA1B,,,
UTS2,,,CASR,,,
UTS2,,,P2RY2,,,
UTS2,,,GRM5,,,
UTS2,,,PTGFR,,,
UTS2,,,LPAR6,,,
UTS2,,,GPR4,,,
UTS2,,,P2RY1,,,
UTS2,,,GRM1,,,
UTS2,,,GPR17,,,
UTS2,,,P2RY6,,,
UTS2,,,LTB4R,,,
UTS2,,,GPR68,,,
UTS2,,,GPRC6A,,,
UTS2,,,GPR65,,,
UTS2,,,LPAR5,,,
UTS2,,,LTB4R2,,,
UTS2,,,CYSLTR2,,,
UTS2,,,LPAR3,,,
UTS2,,,OPN4,,,
UTS2,,,GPR132,,,
UTS2,,,CYSLTR1,,,
IL33,,,IL1R1,,,
F2,,,VTN,,,
F2,,,CHRM5,,,
F2,,,CHRM3,,,
F2,,,TBXA2R,,,
F2,,,ADRA1D,,,
F2,,,PTAFR,,,
F2,,,ADRA1A,,,
F2,,,ADRA1B,,,
F2,,,CASR,,,
F2,,,GRM5,,,
F2,,,PTGFR,,,
F2,,,LPAR6,,,
F2,,,GPR4,,,
F2,,,P2RY1,,,
F2,,,GRM1,,,
F2,,,GPR17,,,
F2,,,P2RY6,,,
F2,,,LTB4R,,,
F2,,,GPR68,,,
F2,,,GPRC6A,,,
F2,,,GPR65,,,
F2,,,LPAR5,,,
F2,,,LTB4R2,,,
F2,,,CYSLTR2,,,
F2,,,LPAR3,,,
F2,,,OPN4,,,
F2,,,GPR132,,,
F2,,,CYSLTR1,,,
AGT,,,CHRM2,,,
AGT,,,CHRM4,,,
AGT,,,CHRM5,,,
AGT,,,ADORA3,,,
AGT,,,DRD2,,,
AGT,,,ANPEP,,,
AGT,,,ADRA2B,,,
AGT,,,ADRA2C,,,
AGT,,,CHRM3,,,
AGT,,,S1PR1,,,
AGT,,,CNR1,,,
AGT,,,TBXA2R,,,
AGT,,,DRD4,,,
AGT,,,ADRA1D,,,
AGT,,,PTAFR,,,
AGT,,,ADORA1,,,
AGT,,,CNR2,,,
AGT,,,ADRA1A,,,
AGT,,,ADRA1B,,,
AGT,,,DRD3,,,
AGT,,,GRM5,,,
AGT,,,PTGFR,,,
AGT,,,PTGER3,,,
AGT,,,LPAR6,,,
AGT,,,GPR4,,,
AGT,,,P2RY1,,,
AGT,,,HCAR3,,,
AGT,,,P2RY4,,,
AGT,,,TAS2R38,,,
AGT,,,TAS2R39,,,
AGT,,,TAS2R40,,,
AGT,,,TAS2R41,,,
AGT,,,TAS2R31,,,
AGT,,,TAS2R46,,,
AGT,,,TAS2R60,,,
AGT,,,GRM1,,,
AGT,,,GPR17,,,
AGT,,,GPR18,,,
AGT,,,GRM2,,,
AGT,,,GRM3,,,
AGT,,,P2RY6,,,
AGT,,,LTB4R,,,
AGT,,,GPR68,,,
AGT,,,GPRC6A,,,
AGT,,,GPR65,,,
AGT,,,HCAR2,,,
AGT,,,OXGR1,,,
AGT,,,S1PR3,,,
AGT,,,GPER1,,,
AGT,,,P2RY13,,,
AGT,,,SUCNR1,,,
AGT,,,HCAR1,,,
AGT,,,LPAR5,,,
AGT,,,S1PR5,,,
AGT,,,P2RY12,,,
AGT,,,LTB4R2,,,
AGT,,,CYSLTR2,,,
AGT,,,TAS2R16,,,
AGT,,,TAS2R14,,,
AGT,,,TAS2R13,,,
AGT,,,TAS2R10,,,
AGT,,,TAS2R7,,,
AGT,,,TAS2R4,,,
AGT,,,TAS2R3,,,
AGT,,,TAS2R1,,,
AGT,,,GABBR1,,,
AGT,,,LPAR3,,,
AGT,,,OPN4,,,
AGT,,,GPR132,,,
AGT,,,CYSLTR1,,,
AGT,,,GPR55,,,
C5,,,VTN,,,
C5,,,CHRM2,,,
C5,,,CHRM4,,,
C5,,,ADORA3,,,
C5,,,DRD2,,,
C5,,,ADRA2B,,,
C5,,,ADRA2C,,,
C5,,,S1PR1,,,
C5,,,CNR1,,,
C5,,,DRD4,,,
C5,,,ADORA1,,,
C5,,,CNR2,,,
C5,,,DRD3,,,
C5,,,CASR,,,
C5,,,PTGER3,,,
C5,,,HCAR3,,,
C5,,,P2RY4,,,
C5,,,TAS2R38,,,
C5,,,TAS2R39,,,
C5,,,TAS2R40,,,
C5,,,TAS2R41,,,
C5,,,TAS2R31,,,
C5,,,TAS2R46,,,
C5,,,TAS2R60,,,
C5,,,GPR17,,,
C5,,,GPR18,,,
C5,,,GRM2,,,
C5,,,GRM3,,,
C5,,,HCAR2,,,
C5,,,OXGR1,,,
C5,,,S1PR3,,,
C5,,,GPER1,,,
C5,,,P2RY13,,,
C5,,,SUCNR1,,,
C5,,,HCAR1,,,
C5,,,LPAR5,,,
C5,,,S1PR5,,,
C5,,,P2RY12,,,
C5,,,TAS2R16,,,
C5,,,TAS2R14,,,
C5,,,TAS2R13,,,
C5,,,TAS2R10,,,
C5,,,TAS2R7,,,
C5,,,TAS2R4,,,
C5,,,TAS2R3,,,
C5,,,TAS2R1,,,
C5,,,GABBR1,,,
C5,,,LPAR3,,,
C5,,,GPR55,,,
GNRH1,,,GPR4,,,
OXT,,,GPR4,,,
AVP,,,ADORA2B,,,
AVP,,,GPR4,,,
POMC,,,CNR1,,,
POMC,,,ADORA2B,,,
POMC,,,GPER1,,,
PENK,,,CNR1,,,
PENK,,,GPER1,,,
PDYN,,,CNR1,,,
PDYN,,,GPER1,,,
CGA,,,ADORA2B,,,
TSHB,,,ADORA2B,,,
FSHB,,,ADORA2B,,,
LHB,,,ADORA2B,,,
PRL,,,HLA-DQB2,,,
PRL,,,TRAM1,,,
CALCA,,,ADORA2B,,,
PTH,,,ADORA2B,,,
GCG,,,ADORA2B,,,
GCG,,,GPR4,,,
VIP,,,ADORA2B,,,
GHRH,,,ADORA2B,,,
PPY,,,CNR1,,,
PPY,,,GPER1,,,
NPY,,,CNR1,,,
NPY,,,GPER1,,,
GAST,,,GPR4,,,
TNF,,,RASA3,,,
IFNG,,,PTPN6,,,
IL1B,,,IL1RL1,,,
TTR,,,STRA6,,,
PPBP,,,CNR1,,,
PPBP,,,GPER1,,,
PF4,,,CNR1,,,
PF4,,,GPER1,,,
CXCL10,,,CNR1,,,
CXCL10,,,GPER1,,,
RLN2,,,ADORA2B,,,
EDN1,,,CHRM5,,,
EDN1,,,CHRM3,,,
EDN1,,,TBXA2R,,,
EDN1,,,ADRA1D,,,
EDN1,,,PTAFR,,,
EDN1,,,ADRA1A,,,
EDN1,,,ADRA1B,,,
EDN1,,,CASR,,,
EDN1,,,GRM5,,,
EDN1,,,PTGFR,,,
EDN1,,,LPAR6,,,
EDN1,,,GPR4,,,
EDN1,,,P2RY1,,,
EDN1,,,GRM1,,,
EDN1,,,GPR17,,,
EDN1,,,P2RY6,,,
EDN1,,,LTB4R,,,
EDN1,,,GPR68,,,
EDN1,,,GPRC6A,,,
EDN1,,,GPR65,,,
EDN1,,,LPAR5,,,
EDN1,,,LTB4R2,,,
EDN1,,,CYSLTR2,,,
EDN1,,,LPAR3,,,
EDN1,,,OPN4,,,
EDN1,,,GPR132,,,
EDN1,,,CYSLTR1,,,
CCK,,,GPR4,,,
CRH,,,ADORA2B,,,
GRP,,,GPR4,,,
NMB,,,GPR4,,,
HMGB1,,,ITGA4,,,
SCT,,,ADORA2B,,,
SAA1,,,CNR1,,,
SAA1,,,GPR4,,,
SAA1,,,GPER1,,,
PYY,,,CNR1,,,
PYY,,,GPER1,,,
CALCB,,,ADORA2B,,,
IAPP,,,ADORA2B,,,
PTHLH,,,ADORA2B,,,
CCL5,,,CNR1,,,
CCL5,,,GPER1,,,
EDN3,,,GPR4,,,
AREG,,,GRIA1,,,
VEGFA,,,PTK2B,,,
VEGFA,,,LYVE1,,,
LGALS3,,,PTPRZ1,,,
LGALS3,,,FCGR2B,,,
LGALS3,,,FLT4,,,
LGALS3,,,TGFBR2,,,
LGALS3,,,PTPRK,,,
LGALS3,,,SLC1A5,,,
LGALS3,,,COLEC12,,,
LGALS3,,,SCARA3,,,
LGALS3,,,RTN4RL2,,,
LGALS3,,,LPAR1,,,
LGALS3,,,CLEC7A,,,
LGALS3,,,P2RY12,,,
LGALS3,,,GPR35,,,
LGALS3,,,MRC2,,,
LGALS3,,,GPR52,,,
LGALS3,,,GPR55,,,
ADCYAP1,,,ADORA2B,,,
CXCL2,,,CNR1,,,
CXCL2,,,GPER1,,,
CXCL3,,,CNR1,,,
CXCL3,,,GPER1,,,
PMCH,,,CNR1,,,
PMCH,,,GPR4,,,
PMCH,,,GPER1,,,
TRH,,,GPR4,,,
EDN2,,,GPR4,,,
GAL,,,GPER1,,,
NTS,,,GPR4,,,
ADM,,,PTGER4,,,
ADM,,,PTGER2,,,
ADM,,,PTGIR,,,
ADM,,,GPR15,,,
ADM,,,PTGDR,,,
ADM,,,GPR176,,,
ADM,,,GPR150,,,
ADM,,,GPBAR1,,,
ADM,,,TAAR1,,,
ADM,,,GPR27,,,
ADM,,,GPR83,,,
ADM,,,GPR45,,,
CXCL5,,,GPER1,,,
NAMPT,,,CUL5,,,
CXCL12,,,GPER1,,,
WNT3,,,ROR1,,,
WNT3,,,PTPRO,,,
WNT3A,,,PTPRO,,,
SST,,,GPER1,,,
CCL20,,,GPR17,,,
CCL20,,,GPR18,,,
CCL20,,,GRM2,,,
CCL20,,,GRM3,,,
CCL20,,,HCAR2,,,
CCL20,,,OXGR1,,,
CCL20,,,S1PR3,,,
CCL20,,,GPER1,,,
CCL20,,,P2RY13,,,
CCL20,,,SUCNR1,,,
CCL20,,,HCAR1,,,
CCL20,,,LPAR5,,,
CCL20,,,S1PR5,,,
CCL20,,,P2RY12,,,
CCL20,,,TAS2R16,,,
CCL20,,,TAS2R14,,,
CCL20,,,TAS2R13,,,
CCL20,,,TAS2R10,,,
CCL20,,,TAS2R7,,,
CCL20,,,TAS2R4,,,
CCL20,,,TAS2R3,,,
CCL20,,,TAS2R1,,,
CCL20,,,GABBR1,,,
CCL20,,,LPAR3,,,
CCL20,,,GPR55,,,
CXCL6,,,GPER1,,,
CXCL9,,,GPER1,,,
PNOC,,,GPER1,,,
ADM2,,,GPR150,,,
ADM2,,,GPBAR1,,,
ADM2,,,TAAR1,,,
ADM2,,,GPR27,,,
ADM2,,,GPR83,,,
ADM2,,,GPR45,,,
RLN3,,,GPER1,,,
CXCL16,,,TAS2R16,,,
CXCL16,,,TAS2R14,,,
CXCL16,,,TAS2R13,,,
CXCL16,,,TAS2R10,,,
CXCL16,,,TAS2R7,,,
CXCL16,,,TAS2R4,,,
CXCL16,,,TAS2R3,,,
CXCL16,,,TAS2R1,,,
CXCL16,,,GABBR1,,,
CXCL16,,,LPAR3,,,
CXCL16,,,GPR55,,,
APLN,,,GPR55,,,
LEP,,,CD33,,,
WNT3,,,DLG1,,,
IL16,,,KCNJ2,,,
NAMPT,,,ANXA6,,,
FAM3D,,,PKD2,,,
ADM2,,,RHO,,,
GDF15,,,NLGN3,,,
GMFB,,,EGFR,,,
HMGB1,,,FAS,,,
HMGB2,,,FAS,,,
AIMP1,,,FAS,,,
CXCL12,,,ESR1,,,
IGF1,,,ESR1,,,
TFF1,,,ESR1,,,
WNT5A,,,GPC4,,,
WNT3A,,,GPC4,,,
MAPT,,,EGFR,,,
LGALS3,,,ITGB4,,,
HMGB2,,,PGR,,,
CMTM8,,,EGFR,,,
TGFB2,,,VTN,,,
LGALS3,,,FCGR2A,,,
LGALS3,,,SPN,,,
LGALS3,,,TFRC,,,
LGALS3,,,CUBN,,,
IL16,,,FCGR1A,,,
BMP7,,,TRIM27,,,
FGF2,,,VTN,,,
VEGFA,,,VTN,,,
ADM,,,GPR25,,,
ADM2,,,GPR25,,,
TNFSF9,,,TLR4,,,
AGT,,,GRM8,,,
C5,,,GRM8,,,
CCL20,,,GRM8,,,
CXCL16,,,GRM8,,,
APLN,,,GRM8,,,
UTS2,,,P2RY10,,,
F2,,,P2RY10,,,
AGT,,,P2RY10,,,
EDN1,,,P2RY10,,,
UTS2,,,FFAR1,,,
F2,,,FFAR1,,,
AGT,,,FFAR1,,,
EDN1,,,FFAR1,,,
UTS2,,,FFAR3,,,
F2,,,FFAR3,,,
AGT,,,FFAR3,,,
EDN1,,,FFAR3,,,
AGT,,,GRM6,,,
C5,,,GRM6,,,
CCL20,,,GRM6,,,
CXCL16,,,GRM6,,,
APLN,,,GRM6,,,
UTS2,,,FFAR2,,,
F2,,,FFAR2,,,
AGT,,,FFAR2,,,
EDN1,,,FFAR2,,,
APOA1,,,GPC4,,,
AGT,,,GABBR2,,,
C5,,,GABBR2,,,
CCL20,,,GABBR2,,,
CXCL16,,,GABBR2,,,
APLN,,,GABBR2,,,
AGT,,,S1PR2,,,
C5,,,S1PR2,,,
CCL20,,,S1PR2,,,
CXCL16,,,S1PR2,,,
APLN,,,S1PR2,,,
AGT,,,S1PR4,,,
C5,,,S1PR4,,,
CCL20,,,S1PR4,,,
CXCL16,,,S1PR4,,,
APLN,,,S1PR4,,,
HMGB1,,,PGR,,,
CXCL16,,,CHRM2,,,
APLN,,,CHRM2,,,
CCL20,,,CHRM4,,,
CXCL16,,,CHRM4,,,
APLN,,,CHRM4,,,
ADM,,,ADRB1,,,
ADM2,,,ADRB1,,,
IL27,,,IL6R,,,
CCL20,,,ADORA3,,,
CXCL16,,,ADORA3,,,
APLN,,,ADORA3,,,
LGALS3,,,CFTR,,,
MIF,,,ITGA4,,,
CCL20,,,DRD2,,,
CXCL16,,,DRD2,,,
APLN,,,DRD2,,,
AREG,,,FOLR1,,,
FGF21,,,CD36,,,
LGALS3,,,ITGA2,,,
CCL20,,,ADRA2B,,,
CXCL16,,,ADRA2B,,,
APLN,,,ADRA2B,,,
CCL20,,,ADRA2C,,,
CXCL16,,,ADRA2C,,,
APLN,,,ADRA2C,,,
CCL20,,,S1PR1,,,
CXCL16,,,S1PR1,,,
APLN,,,S1PR1,,,
GAL,,,CNR1,,,
CXCL5,,,CNR1,,,
CXCL12,,,CNR1,,,
SST,,,CNR1,,,
CCL20,,,CNR1,,,
CXCL6,,,CNR1,,,
CXCL9,,,CNR1,,,
PNOC,,,CNR1,,,
RLN3,,,CNR1,,,
CCL19,,,CNR1,,,
CXCL16,,,CNR1,,,
CCL28,,,CNR1,,,
APLN,,,CNR1,,,
CCL27,,,CNR1,,,
INSL5,,,CNR1,,,
ADM,,,DRD1,,,
ADM2,,,DRD1,,,
CCL20,,,DRD4,,,
CXCL16,,,DRD4,,,
APLN,,,DRD4,,,
ADM,,,DRD5,,,
ADM2,,,DRD5,,,
ADM,,,ADORA2A,,,
ADM2,,,ADORA2A,,,
ADM,,,ADORA2B,,,
INSL3,,,ADORA2B,,,
ADM2,,,ADORA2B,,,
RLN3,,,ADORA2B,,,
IL2,,,PTPN6,,,
CCL20,,,ADORA1,,,
CXCL16,,,ADORA1,,,
APLN,,,ADORA1,,,
CCL20,,,CNR2,,,
CXCL16,,,CNR2,,,
APLN,,,CNR2,,,
ADM2,,,PTGER4,,,
CCL20,,,DRD3,,,
CXCL16,,,DRD3,,,
APLN,,,DRD3,,,
CCL20,,,CASR,,,
CXCL16,,,CASR,,,
APLN,,,CASR,,,
CCL20,,,PTGER3,,,
CXCL16,,,PTGER3,,,
APLN,,,PTGER3,,,
ADM2,,,PTGER2,,,
ADM2,,,PTGIR,,,
XCL1,,,GPR4,,,
PROK1,,,GPR4,,,
QRFP,,,GPR4,,,
UTS2B,,,GPR4,,,
XCL2,,,GPR4,,,
GHRL,,,GPR4,,,
IL16,,,KCNJ1,,,
CCL20,,,HCAR3,,,
CXCL16,,,HCAR3,,,
APLN,,,HCAR3,,,
ADM2,,,GPR15,,,
CCL20,,,P2RY4,,,
CXCL16,,,P2RY4,,,
APLN,,,P2RY4,,,
CCL20,,,TAS2R38,,,
CXCL16,,,TAS2R38,,,
APLN,,,TAS2R38,,,
CCL20,,,TAS2R39,,,
CXCL16,,,TAS2R39,,,
APLN,,,TAS2R39,,,
CCL20,,,TAS2R40,,,
CXCL16,,,TAS2R40,,,
APLN,,,TAS2R40,,,
CCL20,,,TAS2R41,,,
CXCL16,,,TAS2R41,,,
APLN,,,TAS2R41,,,
CCL20,,,TAS2R31,,,
CXCL16,,,TAS2R31,,,
APLN,,,TAS2R31,,,
CCL20,,,TAS2R46,,,
CXCL16,,,TAS2R46,,,
APLN,,,TAS2R46,,,
CCL20,,,TAS2R60,,,
CXCL16,,,TAS2R60,,,
APLN,,,TAS2R60,,,
ADM2,,,PTGDR,,,
CXCL16,,,GPR17,,,
APLN,,,GPR17,,,
CXCL16,,,GPR18,,,
APLN,,,GPR18,,,
CXCL16,,,GRM2,,,
APLN,,,GRM2,,,
ADM2,,,GPR176,,,
CXCL16,,,GRM3,,,
APLN,,,GRM3,,,
CXCL16,,,HCAR2,,,
APLN,,,HCAR2,,,
CXCL16,,,OXGR1,,,
APLN,,,OXGR1,,,
CXCL16,,,S1PR3,,,
APLN,,,S1PR3,,,
CCL19,,,GPER1,,,
CXCL16,,,GPER1,,,
CCL28,,,GPER1,,,
APLN,,,GPER1,,,
CCL27,,,GPER1,,,
INSL5,,,GPER1,,,
CXCL16,,,P2RY13,,,
APLN,,,P2RY13,,,
CXCL16,,,SUCNR1,,,
APLN,,,SUCNR1,,,
CXCL16,,,HCAR1,,,
APLN,,,HCAR1,,,
CXCL16,,,LPAR5,,,
APLN,,,LPAR5,,,
CXCL16,,,S1PR5,,,
APLN,,,S1PR5,,,
CXCL16,,,P2RY12,,,
APLN,,,P2RY12,,,
IL36B,,,IL1RAP,,,
IL36G,,,IL1RAP,,,
IL36A,,,IL1RAP,,,
APLN,,,TAS2R16,,,
APLN,,,TAS2R14,,,
APLN,,,TAS2R13,,,
APLN,,,TAS2R10,,,
APLN,,,TAS2R7,,,
APLN,,,TAS2R4,,,
APLN,,,TAS2R3,,,
APLN,,,TAS2R1,,,
APLN,,,GABBR1,,,
APLN,,,LPAR3,,,
TNF,,,PCDH7,,,
TNF,,,PIK3CB,,,
FGF21,,,CDH7,,,
FGF19,,,PIK3CB,,,
TNF,,,FAT1,,,
FGF2,,,PIK3CB,,,
FGF5,,,PIK3CB,,,
VEGFA,,,PIK3CB,,,
LGALS3,,,SDK2,,,
LGALS3,,,SDK1,,,
LGALS3,,,CADM1,,,
LGALS3,,,NPTN,,,
FGF7,,,PKD1,,,
LGALS3,,,ITGB1,,,
FBN1,,,CLSTN1,,,
CARTPT,,,CEACAM1,,,
ADIPOQ,,,CDH13,,,
IL2,,,PIK3CB,,,
FGF23,,,PIK3CB,,,
DSG1,,,ESR1,,,
PTPRF,,,EGFR,,,
DSG2,,,FAS,,,
PTPRF,,,MET,,,
DSG2,,,CXCR4,,,
ITGB1,,,PTK2B,,,
CEACAM1,,,PTPN6,,,
PKD1,,,PKD2,,,
PKD1,,,PKD2L1,,,
ITGB1,,,RACK1,,,
ITGB1,,,CD46,,,
ITGB1,,,ENG,,,
PLXNB2,,,MET,,,
PTPRT,,,EGFR,,,
PIK3CB,,,AGTR2,,,
CEACAM1,,,CLEC4M,,,
CDH2,,,PTPRO,,,
DSCAM,,,ESR1,,,
ITGB1,,,DAB2,,,
ITGB1,,,SLC1A5,,,
PIK3CB,,,TEK,,,
PIK3CB,,,KLRD1,,,
PKD1,,,DDR1,,,
PKD1,,,CNGB1,,,
PKD1,,,CNGA2,,,
PKD1,,,CNGA4,,,
RET,,,EGFR,,,
PKD1,,,CFTR,,,
DSG2,,,EGFR,,,
PCDH7,,,LRP6,,,
DSG2,,,LRP6,,,
DSC2,,,LRP6,,,
FAT1,,,FAS,,,
PCDH7,,,CXCR4,,,
ITGB1,,,VTN,,,
CEACAM1,,,INSR,,,
PLXNB3,,,MET,,,
CEACAM1,,,ITGB3,,,
CD226,,,ITGB2,,,
CEACAM1,,,ADRB2,,,
PVR,,,VTN,,,
PIK3CB,,,EGFR,,,
CELSR1,,,ESR1,,,
PKD1,,,ATP5B,,,
PKD1,,,RHO,,,
PIK3CB,,,IL3RA,,,
PIK3CB,,,KDR,,,
TIGIT,,,CD226,,,
CD226,,,TIGIT,,,
TIGIT,,,NECTIN4,,,
TIGIT,,,NECTIN3,,,
CDH1,,,PKD1,,,
CDH1,,,PVR,,,
ITGB1,,,CDH17,,,
ITGB1,,,FAT1,,,
COL2A1,,,ITGA9,,,
LAMA1,,,ITGA9,,,
HLA-DRA,,,PDCD1,,,
RLN1,,,CALCRL,,,
FASLG,,,TNFRSF10A,,,
HLA-DRA,,,CD274,,,
PRL,,,HLA-DQB1,,,
RLN1,,,ADORA2B,,,
PPARG,,,6-Mar,,,
CALM1,,,ABCA1,,,
CALM2,,,ABCA1,,,
CALM3,,,ABCA1,,,
CD36,,,TLR4,,,
CYR61,,,CAV1,,,
IL8,,,KDR,,,
KRTAP4-12,,,AQP1,,,
MAPK1,,,FGFR2,,,
RPS27A,,,TLR4,,,
SHBG,,,CD177,,,
UBA52,,,AGTR1,,,
UBA52,,,EGFR,,,
UBA52,,,NOTCH1,,,
UBA52,,,TLR4,,,
UBB,,,TLR4,,,
UBC,,,TLR4,,,
TP53,,,TNFRSF10D,,,
TYROBP,,,TREM1,,,
CEACAM6,,,CEACAM1,,,
